blk	cat	idx	entry_off	flag	text_off	seg_size	참조여부	cond1_ptr	cond1_raw	탑승자	cond2_ptr	cond2_raw	cond2_items	그룹키	분류	JP본문	KR본문
364	0	18	0x00B8	0x0000	0x0D5A	25	참조됨	0x0B3C	02 00 26 01 28 01	카티아	0x0B38	01 00 26 01	['0x0126']	cat0/f0x0000/c2-0x0B38	A	！いくわよ、カティア！‖7c‖・ええ、いつでもいいわ！‖78‖	！간다，\n카티아！‖7c‖・응，　언제든\n좋아！‖78‖
364	0	19	0x00C0	0x0000	0x0D73	25	참조됨	0x0B42	02 00 26 01 29 01	테니아	0x0B38	01 00 26 01	['0x0126']	cat0/f0x0000/c2-0x0B38	A	！いくわよ、テニア！‖7c‖・うん、いつでもいいよ！‖78‖	！간다，\n테니아！‖7c‖・응，　언제든\n좋아！‖78‖
364	0	20	0x00C8	0x0000	0x0D8C	26	참조됨	0x0B48	02 00 26 01 2a 01	멜루아	0x0B38	01 00 26 01	['0x0126']	cat0/f0x0000/c2-0x0B38	A	！いくわよ、メルア！‖7c‖・はいっ、いつでもいいです！‖78‖	！간다，\n멜루아！‖7c‖・네，　언제든\n좋아요！‖78‖
364	0	21	0x00D0	0x0000	0x0DA6	29	참조됨	0x0B3C	02 00 26 01 28 01	카티아	0x0B38	01 00 26 01	['0x0126']	cat0/f0x0000/c2-0x0B38	A	！こっちから仕掛ける！\nいいわねカティア！‖7c‖・ええ！‖78‖	！이쪽에서\n공격한다！　됐지　카티아！‖7c‖・응！‖78‖
364	0	22	0x00D8	0x0000	0x0DC3	29	참조됨	0x0B42	02 00 26 01 29 01	테니아	0x0B38	01 00 26 01	['0x0126']	cat0/f0x0000/c2-0x0B38	A	！こっちから仕掛ける！\nいいわねテニア！‖7c‖・うん！‖78‖	！이쪽에서\n공격한다！　됐지　테니아！‖7c‖・응！‖78‖
364	0	23	0x00E0	0x0000	0x0DE0	28	참조됨	0x0B48	02 00 26 01 2a 01	멜루아	0x0B38	01 00 26 01	['0x0126']	cat0/f0x0000/c2-0x0B38	A	！こっちから仕掛ける！\nいいわねメルア！‖7c‖・はい！‖78‖	！이쪽에서\n공격한다！　됐지　멜루아！‖7c‖・네！‖78‖
364	0	24	0x00E8	0x0000	0x0DFC	21	참조됨	0x0B3C	02 00 26 01 28 01	카티아	0x0B38	01 00 26 01	['0x0126']	cat0/f0x0000/c2-0x0B38	A	・[7d]！‖7c‖！いけるわ、任せなさい！\n[7f]！‖78‖	・[7d]！‖7c‖！돼，　맡겨라！\n[7f]！‖78‖
364	0	25	0x00F0	0x0000	0x0E11	21	참조됨	0x0B42	02 00 26 01 29 01	테니아	0x0B38	01 00 26 01	['0x0126']	cat0/f0x0000/c2-0x0B38	A	・[7d]！‖7c‖！いけるわ、任せなさい！\n[7f]！‖78‖	・[7d]！‖7c‖！돼，　맡겨라！\n[7f]！‖78‖
364	0	26	0x00F8	0x0000	0x0E26	23	참조됨	0x0B48	02 00 26 01 2a 01	멜루아	0x0B38	01 00 26 01	['0x0126']	cat0/f0x0000/c2-0x0B38	A	・[7d]さん！‖7c‖！いけるわ、任せなさい！\n[7f]！‖78‖	・[7d]\n씨！‖7c‖！돼，　맡겨라！\n[7f]！‖78‖
364	0	27	0x0100	0x0000	0x0E3D	31	참조됨	0x0B3C	02 00 26 01 28 01	카티아	0x0B38	01 00 26 01	['0x0126']	cat0/f0x0000/c2-0x0B38	A	・このまま行くわ！\nいいわね！？‖7c‖！聞くまでもない！\n[7f]！‖78‖	・이대로　간다！\n괜찮지！？‖7c‖！물을　것까지도\n없다！　[7f]！‖78‖
364	0	28	0x0108	0x0000	0x0E5C	31	참조됨	0x0B42	02 00 26 01 29 01	테니아	0x0B38	01 00 26 01	['0x0126']	cat0/f0x0000/c2-0x0B38	A	・このまま行くよ！\nいいよね！？‖7c‖！聞くまでもない！\n[7f]！‖78‖	・이대로　간다！\n괜찮지！？‖7c‖！물을　것까지도\n없다！　[7f]！‖78‖
364	0	29	0x0110	0x0000	0x0E7B	33	참조됨	0x0B48	02 00 26 01 2a 01	멜루아	0x0B38	01 00 26 01	['0x0126']	cat0/f0x0000/c2-0x0B38	A	・このまま行きます！\nいいですね！？‖7c‖！聞くまでもない！\n[7f]！‖78‖	・이대로\n갑니다！　괜찮죠！？‖7c‖！물을　것까지도\n없다！　[7f]！‖78‖
364	0	31	0x0120	0x0000	0x0EA9	37	참조됨	0x0B3C	02 00 26 01 28 01	카티아	0x0B38	01 00 26 01	['0x0126']	cat0/f0x0000/c2-0x0B38	A	！動きが止まった！\n仕留めるわよ、カティア！‖7c‖・え、ええ！\n[7f]！‖78‖	！움직임이\n멈췄다！　끝장낸다，\n카티아！‖7c‖・으，　응！\n[7f]！‖78‖
364	0	32	0x0128	0x0000	0x0ECE	37	참조됨	0x0B42	02 00 26 01 29 01	테니아	0x0B38	01 00 26 01	['0x0126']	cat0/f0x0000/c2-0x0B38	A	！動きが止まった！\n仕留めるわよ、テニア！‖7c‖・う、うん！\n[7f]！‖78‖	！움직임이\n멈췄다！　끝장낸다，\n테니아！‖7c‖・으，　응！\n[7f]！‖78‖
364	0	33	0x0130	0x0000	0x0EF3	36	참조됨	0x0B48	02 00 26 01 2a 01	멜루아	0x0B38	01 00 26 01	['0x0126']	cat0/f0x0000/c2-0x0B38	A	！動きが止まった！\n仕留めるわよ、メルア！‖7c‖・は、はい！\n[7f]！‖78‖	！움직임이\n멈췄다！　끝장낸다，\n멜루아！‖7c‖・네，　네！\n[7f]！‖78‖
364	0	34	0x0138	0x0000	0x0F17	35	참조됨	0x0B3C	02 00 26 01 28 01	카티아	0x0B38	01 00 26 01	['0x0126']	cat0/f0x0000/c2-0x0B38	A	・行くわ、[7d]！‖7c‖！ええ、そっちは任せるわ！\nここで決める！\n[7f]！‖78‖	・간다，\n[7d]！‖7c‖！그래，　그쪽은\n맡길게！　여기서　끝낸다！\n[7f]！‖78‖
364	0	35	0x0140	0x0000	0x0F3A	35	참조됨	0x0B42	02 00 26 01 29 01	테니아	0x0B38	01 00 26 01	['0x0126']	cat0/f0x0000/c2-0x0B38	A	・行くよ、[7d]！‖7c‖！ええ、そっちは任せるわ！\nここで決める！\n[7f]！‖78‖	・간다，\n[7d]！‖7c‖！그래，　그쪽은\n맡길게！　여기서　끝낸다！\n[7f]！‖78‖
364	0	36	0x0148	0x0000	0x0F5D	38	참조됨	0x0B48	02 00 26 01 2a 01	멜루아	0x0B38	01 00 26 01	['0x0126']	cat0/f0x0000/c2-0x0B38	A	・行きます、[7d]さん！‖7c‖！ええ、そっちは任せるわ！\nここで決める！\n[7f]！‖78‖	・갑니다，\n[7d]　씨！‖7c‖！그래，　그쪽은\n맡길게！　여기서　끝낸다！\n[7f]！‖78‖
364	0	37	0x0150	0x0000	0x0F83	24	참조됨	0x0B3C	02 00 26 01 28 01	카티아	0x0B38	01 00 26 01	['0x0126']	cat0/f0x0000/c2-0x0B38	A	！足を止めるわよ、カティア！‖7c‖・了解！‖78‖	！발을　묶을게，\n카티아！‖7c‖・알겠습니다！‖78‖
364	0	38	0x0158	0x0000	0x0F9B	24	참조됨	0x0B42	02 00 26 01 29 01	테니아	0x0B38	01 00 26 01	['0x0126']	cat0/f0x0000/c2-0x0B38	A	！足を止めるわよ、テニア！‖7c‖・ＯＫ！‖78‖	！발을　묶을게，\n테니아！‖7c‖・ＯＫ！‖78‖
364	0	39	0x0160	0x0000	0x0FB3	25	참조됨	0x0B48	02 00 26 01 2a 01	멜루아	0x0B38	01 00 26 01	['0x0126']	cat0/f0x0000/c2-0x0B38	A	！足を止めるわよ、メルア！‖7c‖・了解です！‖78‖	！발을　묶을게，\n멜루아！‖7c‖・알겠습니다！‖78‖
364	0	40	0x0168	0x0000	0x0FCC	22	참조됨	0x0B3C	02 00 26 01 28 01	카티아	0x0B38	01 00 26 01	['0x0126']	cat0/f0x0000/c2-0x0B38	A	！回り込むわよ、カティア！‖7c‖・ええ！‖78‖	！돌아\n들어간다，　카티아！‖7c‖・응！‖78‖
364	0	41	0x0170	0x0000	0x0FE2	24	참조됨	0x0B42	02 00 26 01 29 01	테니아	0x0B38	01 00 26 01	['0x0126']	cat0/f0x0000/c2-0x0B38	A	！回り込むわよ、テニア！‖7c‖・ＯＫ！‖78‖	！돌아\n들어간다，　테니아！‖7c‖・ＯＫ！‖78‖
364	0	42	0x0178	0x0000	0x0FFA	21	참조됨	0x0B48	02 00 26 01 2a 01	멜루아	0x0B38	01 00 26 01	['0x0126']	cat0/f0x0000/c2-0x0B38	A	！回り込むわよ、メルア！‖7c‖・はい！‖78‖	！돌아\n들어간다，　멜루아！‖7c‖・네！‖78‖
364	0	43	0x0180	0x0000	0x100F	42	참조됨	0x0B3C	02 00 26 01 28 01	카티아	0x0B38	01 00 26 01	['0x0126']	cat0/f0x0000/c2-0x0B38	A	・ターゲット捕捉したわ！\n[7d]、今よ！‖7c‖！わかってるわ、ここで墜とす！\n[7f]！‖78‖	・타겟\n포착했어！　[7d]，\n지금이야！‖7c‖！알고　있어，\n여기서　떨군다！\n[7f]！‖78‖
364	0	44	0x0188	0x0000	0x1039	42	참조됨	0x0B42	02 00 26 01 29 01	테니아	0x0B38	01 00 26 01	['0x0126']	cat0/f0x0000/c2-0x0B38	A	・ターゲット捕捉したよ！\n[7d]、今だ！‖7c‖！わかってるわ、ここで墜とす！\n[7f]！‖78‖	・타겟\n포착했어！　[7d]，\n지금이다！‖7c‖！알고　있어，\n여기서　떨군다！\n[7f]！‖78‖
364	0	45	0x0190	0x0000	0x1063	46	참조됨	0x0B48	02 00 26 01 2a 01	멜루아	0x0B38	01 00 26 01	['0x0126']	cat0/f0x0000/c2-0x0B38	A	・ターゲット捕捉しました！\n[7d]さん、今です！‖7c‖！わかってるわ、ここで墜とす！\n[7f]！‖78‖	・타겟\n포착했어요！　[7d]\n씨，　지금이에요！‖7c‖！알고　있어，\n여기서　떨군다！\n[7f]！‖78‖
364	0	46	0x0198	0x0000	0x1091	37	참조됨	0x0B3C	02 00 26 01 28 01	카티아	0x0B38	01 00 26 01	['0x0126']	cat0/f0x0000/c2-0x0B38	A	・このまま行っていいわね！？‖7c‖！さっさとなさい！\n直撃させるっ！\n[7f]！‖78‖	・이대로　가도\n되지！？‖7c‖！냉큼　해라！\n직격시킨다！　[7f]！‖78‖
364	0	47	0x01A0	0x0000	0x10B6	37	참조됨	0x0B42	02 00 26 01 29 01	테니아	0x0B38	01 00 26 01	['0x0126']	cat0/f0x0000/c2-0x0B38	A	・このまま行っていいよね！？‖7c‖！さっさとなさい！\n直撃させるっ！\n[7f]！‖78‖	・이대로　가도\n되지！？‖7c‖！냉큼　해라！\n직격시킨다！　[7f]！‖78‖
364	0	48	0x01A8	0x0000	0x10DB	39	참조됨	0x0B48	02 00 26 01 2a 01	멜루아	0x0B38	01 00 26 01	['0x0126']	cat0/f0x0000/c2-0x0B38	A	・このまま行っていいんですね！？‖7c‖！さっさとなさい！\n直撃させるっ！\n[7f]！‖78‖	・이대로　가도\n되는　거죠！？‖7c‖！냉큼　해라！\n직격시킨다！　[7f]！‖78‖
364	0	49	0x01B0	0x0000	0x1102	35	참조됨	0x0B3C	02 00 26 01 28 01	카티아	0x0B38	01 00 26 01	['0x0126']	cat0/f0x0000/c2-0x0B38	A	！カティア、\n目標の進路を予測して！‖7c‖・ええ、任せて！‖78‖	！카티아，\n목표의　진로를　예측해！‖7c‖・응，　맡겨！‖78‖
364	0	50	0x01B8	0x0000	0x1125	36	참조됨	0x0B42	02 00 26 01 29 01	테니아	0x0B38	01 00 26 01	['0x0126']	cat0/f0x0000/c2-0x0B38	A	！テニア、\n目標の進路を予測して！‖7c‖・うん、任せてよ！‖78‖	！테니아，\n목표의　진로를　예측해！‖7c‖・응，　맡겨！‖78‖
364	0	51	0x01C0	0x0000	0x1149	38	참조됨	0x0B48	02 00 26 01 2a 01	멜루아	0x0B38	01 00 26 01	['0x0126']	cat0/f0x0000/c2-0x0B38	A	！メルア、\n目標の進路を予測して！‖7c‖・はい、任せてください！‖78‖	！멜루아，\n목표의　진로를　예측해！‖7c‖・네，\n맡겨주세요！‖78‖
364	0	52	0x01C8	0x0000	0x116F	37	참조됨	0x0B3C	02 00 26 01 28 01	카티아	0x0B38	01 00 26 01	['0x0126']	cat0/f0x0000/c2-0x0B38	A	！攻撃と同時に\n反撃に備える、頼んだわよ！‖7c‖・ええ、任せて！‖78‖	！공격과　동시에\n반격에　대비한다，\n부탁했어！‖7c‖・응，　맡겨！‖78‖
364	0	53	0x01D0	0x0000	0x1194	38	참조됨	0x0B42	02 00 26 01 29 01	테니아	0x0B38	01 00 26 01	['0x0126']	cat0/f0x0000/c2-0x0B38	A	！攻撃と同時に\n反撃に備える、頼んだわよ！‖7c‖・うん、任せてよ！‖78‖	！공격과　동시에\n반격에　대비한다，\n부탁했어！‖7c‖・응，　맡겨！‖78‖
364	0	54	0x01D8	0x0000	0x11BA	41	참조됨	0x0B48	02 00 26 01 2a 01	멜루아	0x0B38	01 00 26 01	['0x0126']	cat0/f0x0000/c2-0x0B38	A	！攻撃と同時に\n反撃に備える、頼んだわよ！‖7c‖・ええ、任せてください！‖78‖	！공격과　동시에\n반격에　대비한다，\n부탁했어！‖7c‖・네，\n맡겨주세요！‖78‖
364	0	55	0x01E0	0x0000	0x11E3	29	참조됨	0x0B3C	02 00 26 01 28 01	카티아	0x0B38	01 00 26 01	['0x0126']	cat0/f0x0000/c2-0x0B38	A	！逃がさない、墜とすわよ！\nカティア！‖7c‖・了解！‖78‖	！놓치지　않아，\n떨군다！　카티아！‖7c‖・알겠습니다！‖78‖
364	0	56	0x01E8	0x0000	0x1200	29	참조됨	0x0B42	02 00 26 01 29 01	테니아	0x0B38	01 00 26 01	['0x0126']	cat0/f0x0000/c2-0x0B38	A	！逃がさない、墜とすわよ！\nテニア！‖7c‖・ＯＫ！‖78‖	！놓치지　않아，\n떨군다！　테니아！‖7c‖・ＯＫ！‖78‖
364	0	57	0x01F0	0x0000	0x121D	30	참조됨	0x0B48	02 00 26 01 2a 01	멜루아	0x0B38	01 00 26 01	['0x0126']	cat0/f0x0000/c2-0x0B38	A	！逃がさない、墜とすわよ！\nメルア！‖7c‖・了解です！‖78‖	！놓치지　않아，\n떨군다！　멜루아！‖7c‖・알겠습니다！‖78‖
364	0	58	0x01F8	0x0401	0x123B	49	참조됨	0x0B3C	02 00 26 01 28 01	카티아	0xFFFF	(none)	[]	cat0/f0x0401/c2-0xFFFF	A	・目標確認、\n火線を集中するわ！‖7c‖！逃げられはしない、\n墜ちなさい！\n[7f]！‖78‖	・목표　확인，\n화선을　집중한다！‖7c‖！도망칠　순\n없어，　떨어져라！\n[7f]！‖78‖
364	0	59	0x0200	0x0401	0x126C	49	참조됨	0x0B42	02 00 26 01 29 01	테니아	0xFFFF	(none)	[]	cat0/f0x0401/c2-0xFFFF	A	・目標確認、\n火線を集中するよ！‖7c‖！逃げられはしない、\n墜ちなさい！\n[7f]！‖78‖	・목표　확인，\n화선을　집중한다！‖7c‖！도망칠　순\n없어，　떨어져라！\n[7f]！‖78‖
364	0	60	0x0208	0x0401	0x129D	49	참조됨	0x0B48	02 00 26 01 2a 01	멜루아	0xFFFF	(none)	[]	cat0/f0x0401/c2-0xFFFF	A	・目標確認、\n火線を集中します！‖7c‖！逃げられはしない、\n墜ちなさい！\n[7f]！‖78‖	・목표　확인，\n화선을　집중합니다！‖7c‖！도망칠　순\n없어，　떨어져라！\n[7f]！‖78‖
364	0	61	0x0210	0x0401	0x12CE	31	참조됨	0x0B3C	02 00 26 01 28 01	카티아	0xFFFF	(none)	[]	cat0/f0x0401/c2-0xFFFF	A	！カティア、目標に照準！‖7c‖・ええ！　捕捉したわ！‖78‖	！카티아，\n목표에　조준！‖7c‖・응！\n포착했어！‖78‖
364	0	62	0x0218	0x0401	0x12ED	33	참조됨	0x0B42	02 00 26 01 29 01	테니아	0xFFFF	(none)	[]	cat0/f0x0401/c2-0xFFFF	A	！テニア、目標に照準！‖7c‖・ＯＫ、　捕捉したよ！‖78‖	！테니아，\n목표에　조준！‖7c‖・ＯＫ！\n포착했어！‖78‖
364	0	63	0x0220	0x0401	0x130E	31	참조됨	0x0B48	02 00 26 01 2a 01	멜루아	0xFFFF	(none)	[]	cat0/f0x0401/c2-0xFFFF	A	！メルア、目標に照準！‖7c‖・はい！　捕捉しました！‖78‖	！멜루아，\n목표에　조준！‖7c‖・네！\n포착했어요！‖78‖
364	0	64	0x0228	0x0401	0x132D	36	참조됨	0x0B3C	02 00 26 01 28 01	카티아	0xFFFF	(none)	[]	cat0/f0x0401/c2-0xFFFF	A	・目標・・・\n射程圏内で捕捉したわ！‖7c‖！いけええっ！\n[7f]！‖78‖	・목표・・・　사정권\n안에서　포착했어！‖7c‖！가라아아！\n[7f]！‖78‖
364	0	65	0x0230	0x0401	0x1351	36	참조됨	0x0B42	02 00 26 01 29 01	테니아	0xFFFF	(none)	[]	cat0/f0x0401/c2-0xFFFF	A	・目標・・・\n射程圏内で捕捉したよ！‖7c‖！いけええっ！\n[7f]！‖78‖	・목표・・・　사정권\n안에서　포착했어！‖7c‖！가라아아！\n[7f]！‖78‖
364	0	66	0x0238	0x0401	0x1375	37	참조됨	0x0B48	02 00 26 01 2a 01	멜루아	0xFFFF	(none)	[]	cat0/f0x0401/c2-0xFFFF	A	・目標・・・\n射程圏内で捕捉しました！‖7c‖！いけええっ！\n[7f]！‖78‖	・목표・・・　사정권\n안에서　포착했어요！‖7c‖！가라아아！\n[7f]！‖78‖
364	0	67	0x0240	0x0009	0x139A	33	참조됨	0x0B3C	02 00 26 01 28 01	카티아	0x0B4E	01 00 b3 05	['0x05B3']	cat0/f0x0009/c2-0x0B4E	A	！もうこれ以上・・・\n好きにはさせないわ！‖7a‖・行くわ、[7d]！‖78‖	！더　이상・・・\n마음대로　두지　않겠어！‖7a‖・간다，\n[7d]！‖78‖
364	0	68	0x0248	0x0009	0x13BB	33	참조됨	0x0B42	02 00 26 01 29 01	테니아	0x0B4E	01 00 b3 05	['0x05B3']	cat0/f0x0009/c2-0x0B4E	A	！もうこれ以上・・・\n好きにはさせないわ！‖7a‖・行くよ、[7d]！‖78‖	！더　이상・・・\n마음대로　두지　않겠어！‖7a‖・간다，\n[7d]！‖78‖
364	0	69	0x0250	0x0009	0x13DC	36	참조됨	0x0B48	02 00 26 01 2a 01	멜루아	0x0B4E	01 00 b3 05	['0x05B3']	cat0/f0x0009/c2-0x0B4E	A	！もうこれ以上・・・\n好きにはさせないわ！‖7a‖・行きます、[7d]さん！‖78‖	！더　이상・・・\n마음대로　두지　않겠어！‖7a‖・갑니다，\n[7d]　씨！‖78‖
364	0	70	0x0258	0x0009	0x1400	43	참조됨	0x0B3C	02 00 26 01 28 01	카티아	0x0B4E	01 00 b3 05	['0x05B3']	cat0/f0x0009/c2-0x0B4E	A	！逃がさない、墜とすわよ！\nカティア！‖7c‖・了解！‖7a‖！覚悟を決めなさい！‖78‖	！놓치지　않아，\n떨군다！　카티아！‖7c‖・알겠습니다！‖7a‖！각오를\n다져라！‖78‖
364	0	71	0x0260	0x0009	0x142B	43	참조됨	0x0B42	02 00 26 01 29 01	테니아	0x0B4E	01 00 b3 05	['0x05B3']	cat0/f0x0009/c2-0x0B4E	A	！逃がさない、墜とすわよ！\nテニア！‖7c‖・ＯＫ！‖7a‖！覚悟を決めなさい！‖78‖	！놓치지　않아，\n떨군다！　테니아！‖7c‖・ＯＫ！‖7a‖！각오를\n다져라！‖78‖
364	0	72	0x0268	0x0009	0x1456	44	참조됨	0x0B48	02 00 26 01 2a 01	멜루아	0x0B4E	01 00 b3 05	['0x05B3']	cat0/f0x0009/c2-0x0B4E	A	！逃がさない、墜とすわよ！\nメルア！‖7c‖・了解です！‖7a‖！覚悟を決めなさい！‖78‖	！놓치지　않아，\n떨군다！　멜루아！‖7c‖・알겠습니다！‖7a‖！각오를\n다져라！‖78‖
364	0	73	0x0270	0x0009	0x1482	47	참조됨	0x0B3C	02 00 26 01 28 01	카티아	0x0B4E	01 00 b3 05	['0x05B3']	cat0/f0x0009/c2-0x0B4E	A	・行くわ、[7d]！‖7c‖！ええ、そっちは任せるわ！\nここで決める！‖7a‖！遅い！　そんな動きで！‖78‖	・간다，\n[7d]！‖7c‖！그래，　그쪽은\n맡길게！　여기서　끝낸다！‖7a‖！느리다！\n그딴　움직임으로！‖78‖
364	0	74	0x0278	0x0009	0x14B1	47	참조됨	0x0B42	02 00 26 01 29 01	테니아	0x0B4E	01 00 b3 05	['0x05B3']	cat0/f0x0009/c2-0x0B4E	A	・行くよ、[7d]！‖7c‖！ええ、そっちは任せるわ！\nここで決める！‖7a‖！遅い！　そんな動きで！‖78‖	・간다，\n[7d]！‖7c‖！그래，　그쪽은\n맡길게！　여기서　끝낸다！‖7a‖！느리다！\n그딴　움직임으로！‖78‖
364	0	75	0x0280	0x0009	0x14E0	50	참조됨	0x0B48	02 00 26 01 2a 01	멜루아	0x0B4E	01 00 b3 05	['0x05B3']	cat0/f0x0009/c2-0x0B4E	A	・行きます、[7d]さん！‖7c‖！ええ、そっちは任せるわ！\nここで決める！‖7a‖！遅い！　そんな動きで！‖78‖	・갑니다，\n[7d]　씨！‖7c‖！그래，　그쪽은\n맡길게！　여기서　끝낸다！‖7a‖！느리다！\n그딴　움직임으로！‖78‖
364	0	76	0x0288	0x400C	0x1512	102	참조됨	0x0B42	02 00 26 01 29 01	테니아	0x0B52	01 00 b4 05	['0x05B4']	cat0/f0x400C/c2-0x0B52	B	！テニア！‖7a‖・うん！　アタシに任せて！\n[7d]！！‖7a‖！[7e]で・・・\n墜としてみせる！\n・・・覚悟を決めなさい！！‖7a‖・[7d]に\nついて行くためなら、やってみせるよっ！\nこいつで・・・とどめェェェーッ！！‖78‖	！테니아！‖7a‖・응！　　나한테\n맡겨！　[7d]！！‖7a‖！[7e]\n（으）로・・・　떨어뜨려주마！\n・・・각오해라！！‖7a‖・[7d]를\n위해서라면　해보이겠어！\n이걸로　끝장이다앗！！‖78‖
364	0	77	0x0290	0x400C	0x1578	102	참조됨	0x0B42	02 00 26 01 29 01	테니아	0x0B52	01 00 b4 05	['0x05B4']	cat0/f0x400C/c2-0x0B52	B	！テニア！‖7a‖・うん！　アタシに任せて！\n[7d]！！‖7a‖！[7e]で・・・\n墜としてみせる！\n・・・覚悟を決めなさい！！‖7a‖・[7d]に\nついて行くためなら、やってみせるよっ！\nこいつで・・・とどめェェェーッ！！‖78‖	！테니아！‖7a‖・응！　　나한테\n맡겨！　[7d]！！‖7a‖！[7e]\n（으）로・・・　떨어뜨려주마！\n・・・각오해라！！‖7a‖・[7d]를\n위해서라면　해보이겠어！\n이걸로　끝장이다앗！！‖78‖
364	0	78	0x0298	0x400C	0x15DE	102	참조됨	0x0B42	02 00 26 01 29 01	테니아	0x0B52	01 00 b4 05	['0x05B4']	cat0/f0x400C/c2-0x0B52	B	！テニア！‖7a‖・うん！　アタシに任せて！\n[7d]！！‖7a‖！[7e]で・・・\n墜としてみせる！\n・・・覚悟を決めなさい！！‖7a‖・[7d]に\nついて行くためなら、やってみせるよっ！\nこいつで・・・とどめェェェーッ！！‖78‖	！테니아！‖7a‖・응！　　나한테\n맡겨！　[7d]！！‖7a‖！[7e]\n（으）로・・・　떨어뜨려주마！\n・・・각오해라！！‖7a‖・[7d]를\n위해서라면　해보이겠어！\n이걸로　끝장이다앗！！‖78‖
364	0	79	0x02A0	0x000C	0x1644	50	참조됨	0x0B42	02 00 26 01 29 01	테니아	0x0B56	01 00 b4 05	['0x05B4']	cat0/f0x000C/c2-0x0B56	B	！テニア！‖7a‖・ＯＫ！　[7d]！！‖7a‖！今なら！！‖7a‖・バイバイ！！\nこいつで、とどめェェェーッ！！‖78‖	！테니아！‖7a‖・ＯＫ！\n[7d]！！‖7a‖！지금이라면！！‖7a‖・바이바이！！\n이걸로，\n끝장이다아아앗！！‖78‖
364	0	80	0x02A8	0x000C	0x1676	51	참조됨	0x0B42	02 00 26 01 29 01	테니아	0x0B56	01 00 b4 05	['0x05B4']	cat0/f0x000C/c2-0x0B56	B	！テニア！‖7a‖・うん！　[7d]！！‖7a‖！これで、決める！！‖7a‖・ラスト！！\nこいつで、とどめェェェーッ！！‖78‖	！테니아！‖7a‖・응！\n[7d]！！‖7a‖！이걸로，\n끝낸다！！‖7a‖・라스트！！\n이걸로，\n끝장이다아아앗！！‖78‖
364	0	81	0x02B0	0x000C	0x16A9	53	참조됨	0x0B42	02 00 26 01 29 01	테니아	0x0B56	01 00 b4 05	['0x05B4']	cat0/f0x000C/c2-0x0B56	B	！テニア！‖7a‖・ＯＫ！　[7d]！！‖7a‖！逃がすか！！‖7a‖・いっくよォー！！\nこいつで、とどめェェェーッ！！‖78‖	！테니아！‖7a‖・ＯＫ！\n[7d]！！‖7a‖！놓칠　줄\n아냐！！‖7a‖・간다아！！\n이걸로，\n끝장이다아아앗！！‖78‖
364	0	82	0x02B8	0x0009	0x16DE	48	참조됨	0x0B3C	02 00 26 01 28 01	카티아	0x0B5A	01 00 b0 05	['0x05B0']	cat0/f0x0009/c2-0x0B5A	A	！やらせないって・・・\n言ったはずよ！！‖7a‖・目標・・・\n射程圏内で捕捉したわ！‖78‖	！두지\n않겠다고・・・　말했을\n텐데！！‖7a‖・목표・・・　사정권\n안에서　포착했어！‖78‖
364	0	83	0x02C0	0x0009	0x170E	48	참조됨	0x0B42	02 00 26 01 29 01	테니아	0x0B5A	01 00 b0 05	['0x05B0']	cat0/f0x0009/c2-0x0B5A	A	！やらせないって・・・\n言ったはずよ！！‖7a‖・目標・・・\n射程圏内で捕捉したよ！‖78‖	！두지\n않겠다고・・・　말했을\n텐데！！‖7a‖・목표・・・　사정권\n안에서　포착했어！‖78‖
364	0	84	0x02C8	0x0009	0x173E	49	참조됨	0x0B48	02 00 26 01 2a 01	멜루아	0x0B5A	01 00 b0 05	['0x05B0']	cat0/f0x0009/c2-0x0B5A	A	！やらせないって・・・\n言ったはずよ！！‖7a‖・目標・・・\n射程圏内で捕捉しました！‖78‖	！두지\n않겠다고・・・　말했을\n텐데！！‖7a‖・목표・・・　사정권\n안에서　포착했어요！‖78‖
364	0	85	0x02D0	0x0009	0x176F	49	참조됨	0x0B3C	02 00 26 01 28 01	카티아	0x0B5A	01 00 b0 05	['0x05B0']	cat0/f0x0009/c2-0x0B5A	A	！カティア、\n目標の進路を予測して！‖7c‖・ええ、任せて！‖7a‖！逃げられはしないっ！‖78‖	！카티아，\n목표의　진로를　예측해！‖7c‖・응，　맡겨！‖7a‖！도망칠　순\n없다！‖78‖
364	0	86	0x02D8	0x0009	0x17A0	50	참조됨	0x0B42	02 00 26 01 29 01	테니아	0x0B5A	01 00 b0 05	['0x05B0']	cat0/f0x0009/c2-0x0B5A	A	！カティア、\n目標の進路を予測して！‖7c‖・うん、任せてよ！‖7a‖！逃げられはしないっ！‖78‖	！카티아，\n목표의　진로를　예측해！‖7c‖・응，　맡겨！‖7a‖！도망칠　순\n없다！‖78‖
364	0	87	0x02E0	0x0009	0x17D2	53	참조됨	0x0B48	02 00 26 01 2a 01	멜루아	0x0B5A	01 00 b0 05	['0x05B0']	cat0/f0x0009/c2-0x0B5A	A	！カティア、\n目標の進路を予測して！‖7c‖・はい、任せてください！‖7a‖！逃げられはしないっ！‖78‖	！카티아，\n목표의　진로를　예측해！‖7c‖・네，\n맡겨주세요！‖7a‖！도망칠　순\n없다！‖78‖
364	0	88	0x02E8	0x0009	0x1807	46	참조됨	0x0B3C	02 00 26 01 28 01	카티아	0x0B5A	01 00 b0 05	['0x05B0']	cat0/f0x0009/c2-0x0B5A	A	・ターゲット捕捉！\n[7d]、今よ！‖7c‖！わかってるわ、ここで墜とす！‖7a‖！直撃させるっ！‖78‖	・타겟　포착！\n[7d]，　지금이야！‖7c‖！알고　있어，\n여기서　떨군다！‖7a‖！직격시킨다！‖78‖
364	0	89	0x02F0	0x0009	0x1835	46	참조됨	0x0B42	02 00 26 01 29 01	테니아	0x0B5A	01 00 b0 05	['0x05B0']	cat0/f0x0009/c2-0x0B5A	A	・ターゲット捕捉！\n[7d]、今だ！‖7c‖！わかってるわ、ここで墜とす！‖7a‖！直撃させるっ！‖78‖	・타겟　포착！\n[7d]，　지금이다！‖7c‖！알고　있어，\n여기서　떨군다！‖7a‖！직격시킨다！‖78‖
364	0	90	0x02F8	0x0009	0x1863	49	참조됨	0x0B48	02 00 26 01 2a 01	멜루아	0x0B5A	01 00 b0 05	['0x05B0']	cat0/f0x0009/c2-0x0B5A	A	・ターゲット捕捉！\n[7d]さん、今です！‖7c‖！わかってるわ、ここで墜とす！‖7a‖！直撃させるっ！‖78‖	・타겟　포착！\n[7d]　씨，\n지금이에요！‖7c‖！알고　있어，\n여기서　떨군다！‖7a‖！직격시킨다！‖78‖
364	0	91	0x0300	0x400C	0x1894	100	참조됨	0x0B3C	02 00 26 01 28 01	카티아	0x0B5E	01 00 b5 05	['0x05B5']	cat0/f0x400C/c2-0x0B5E	B	！カティア！‖7a‖・ええ！　私に任せて！\n[7d]！！‖7a‖！[7e]で・・・\n墜としてみせる！\n・・・覚悟を決めなさい！！‖7a‖・[7d]に\nついて行くためなら、やってみせるわっ！\nこれで・・・墜ちてぇぇぇーっ！！‖78‖	！카티아！‖7a‖・응！　　나한테\n맡겨！　[7d]！！‖7a‖！[7e]\n（으）로・・・　떨어뜨려주마！\n・・・각오해라！！‖7a‖・[7d]를\n위해서라면　해보이겠어！\n이걸로　떨어져라앗！！‖78‖
364	0	92	0x0308	0x400C	0x18F8	100	참조됨	0x0B3C	02 00 26 01 28 01	카티아	0x0B5E	01 00 b5 05	['0x05B5']	cat0/f0x400C/c2-0x0B5E	B	！カティア！‖7a‖・ええ！　私に任せて！\n[7d]！！‖7a‖！[7e]で・・・\n墜としてみせる！\n・・・覚悟を決めなさい！！‖7a‖・[7d]に\nついて行くためなら、やってみせるわっ！\nこれで・・・墜ちてぇぇぇーっ！！‖78‖	！카티아！‖7a‖・응！　　나한테\n맡겨！　[7d]！！‖7a‖！[7e]\n（으）로・・・　떨어뜨려주마！\n・・・각오해라！！‖7a‖・[7d]를\n위해서라면　해보이겠어！\n이걸로　떨어져라앗！！‖78‖
364	0	93	0x0310	0x400C	0x195C	100	참조됨	0x0B3C	02 00 26 01 28 01	카티아	0x0B5E	01 00 b5 05	['0x05B5']	cat0/f0x400C/c2-0x0B5E	B	！カティア！‖7a‖・ええ！　私に任せて！\n[7d]！！‖7a‖！[7e]で・・・\n墜としてみせる！\n・・・覚悟を決めなさい！！‖7a‖・[7d]に\nついて行くためなら、やってみせるわっ！\nこれで・・・墜ちてぇぇぇーっ！！‖78‖	！카티아！‖7a‖・응！　　나한테\n맡겨！　[7d]！！‖7a‖！[7e]\n（으）로・・・　떨어뜨려주마！\n・・・각오해라！！‖7a‖・[7d]를\n위해서라면　해보이겠어！\n이걸로　떨어져라앗！！‖78‖
364	0	94	0x0318	0x000C	0x19C0	54	참조됨	0x0B3C	02 00 26 01 28 01	카티아	0x0B62	01 00 b5 05	['0x05B5']	cat0/f0x000C/c2-0x0B62	B	！カティア！‖7a‖・大丈夫よ！　[7d]！！‖7a‖！今なら！！‖7a‖・お別れね！！\nこれで、墜ちてぇぇぇーっ！！‖78‖	！카티아！‖7a‖・괜찮아！\n[7d]！！‖7a‖！지금이라면！！‖7a‖・작별이네！！\n이걸로，\n떨어져라아아앗！！‖78‖
364	0	95	0x0320	0x000C	0x19F6	53	참조됨	0x0B3C	02 00 26 01 28 01	카티아	0x0B62	01 00 b5 05	['0x05B5']	cat0/f0x000C/c2-0x0B62	B	！カティア！‖7a‖・ええ！　[7d]！！‖7a‖！これで、決める！！‖7a‖・終わりね！！\nこれで、墜ちてぇぇぇーっ！！‖78‖	！카티아！‖7a‖・응！\n[7d]！！‖7a‖！이걸로，\n끝낸다！！‖7a‖・끝이네！！\n이걸로，\n떨어져라아아앗！！‖78‖
364	0	96	0x0328	0x000C	0x1A2B	50	참조됨	0x0B3C	02 00 26 01 28 01	카티아	0x0B62	01 00 b5 05	['0x05B5']	cat0/f0x000C/c2-0x0B62	B	！カティア！‖7a‖・了解！　[7d]！！‖7a‖！逃がすか！！‖7a‖・いくわ！！\nこれで、墜ちてぇぇぇーっ！！‖78‖	！카티아！‖7a‖・알겠어！\n[7d]！！‖7a‖！놓칠　줄\n아냐！！‖7a‖・간다！！\n이걸로，\n떨어져라아아앗！！‖78‖
364	0	97	0x0330	0x0009	0x1A5D	25	참조됨	0x0B3C	02 00 26 01 28 01	카티아	0x0B66	01 00 b1 05	['0x05B1']	cat0/f0x0009/c2-0x0B66	A	！そこよ！！‖7a‖・このまま行くわ！\nいいわよね！？‖78‖	！거기야！！‖7a‖・이대로　간다！\n괜찮지！？‖78‖
364	0	98	0x0338	0x0009	0x1A76	24	참조됨	0x0B42	02 00 26 01 29 01	테니아	0x0B66	01 00 b1 05	['0x05B1']	cat0/f0x0009/c2-0x0B66	A	！そこよ！！‖7a‖・このまま行くよ！\nいいよね！？‖78‖	！거기야！！‖7a‖・이대로　간다！\n괜찮지！？‖78‖
364	0	99	0x0340	0x0009	0x1A8E	26	참조됨	0x0B48	02 00 26 01 2a 01	멜루아	0x0B66	01 00 b1 05	['0x05B1']	cat0/f0x0009/c2-0x0B66	A	！そこよ！！‖7a‖・このまま行きます！\nいいですね！？‖78‖	！거기야！！‖7a‖・이대로\n갑니다！　괜찮죠！？‖78‖
364	0	100	0x0348	0x0009	0x1AA8	58	참조됨	0x0B3C	02 00 26 01 28 01	카티아	0x0B66	01 00 b1 05	['0x05B1']	cat0/f0x0009/c2-0x0B66	A	！攻撃と同時に\n反撃に備える、頼んだわよ！‖7c‖・ええ、任せて！‖7a‖！逃げられはしない、\n墜ちなさい！‖78‖	！공격과　동시에\n반격에　대비한다，\n부탁했어！‖7c‖・응，　맡겨！‖7a‖！도망칠　순\n없어，　떨어져라！‖78‖
364	0	101	0x0350	0x0009	0x1AE2	59	참조됨	0x0B42	02 00 26 01 29 01	테니아	0x0B66	01 00 b1 05	['0x05B1']	cat0/f0x0009/c2-0x0B66	A	！攻撃と同時に\n反撃に備える、頼んだわよ！‖7c‖・うん、任せてよ！‖7a‖！逃げられはしない、\n墜ちなさい！‖78‖	！공격과　동시에\n반격에　대비한다，\n부탁했어！‖7c‖・응，　맡겨！‖7a‖！도망칠　순\n없어，　떨어져라！‖78‖
364	0	102	0x0358	0x0009	0x1B1D	62	참조됨	0x0B48	02 00 26 01 2a 01	멜루아	0x0B66	01 00 b1 05	['0x05B1']	cat0/f0x0009/c2-0x0B66	A	！攻撃と同時に\n反撃に備える、頼んだわよ！‖7c‖・はい、任せてください！‖7a‖！逃げられはしない、\n墜ちなさい！‖78‖	！공격과　동시에\n반격에　대비한다，\n부탁했어！‖7c‖・네，\n맡겨주세요！‖7a‖！도망칠　순\n없어，　떨어져라！‖78‖
364	0	103	0x0360	0x0009	0x1B5B	28	참조됨	0x0B3C	02 00 26 01 28 01	카티아	0x0B66	01 00 b1 05	['0x05B1']	cat0/f0x0009/c2-0x0B66	A	・[7d]！‖7c‖！いけるわ、任せなさい！‖7a‖！ここで決める！‖78‖	・[7d]！‖7c‖！돼，　맡겨라！‖7a‖！여기서\n끝낸다！‖78‖
364	0	104	0x0368	0x0009	0x1B77	28	참조됨	0x0B42	02 00 26 01 29 01	테니아	0x0B66	01 00 b1 05	['0x05B1']	cat0/f0x0009/c2-0x0B66	A	・[7d]！‖7c‖！いけるわ、任せなさい！‖7a‖！ここで決める！‖78‖	・[7d]！‖7c‖！돼，　맡겨라！‖7a‖！여기서\n끝낸다！‖78‖
364	0	105	0x0370	0x0009	0x1B93	30	참조됨	0x0B48	02 00 26 01 2a 01	멜루아	0x0B66	01 00 b1 05	['0x05B1']	cat0/f0x0009/c2-0x0B66	A	・[7d]さん！‖7c‖！いけるわ、任せなさい！‖7a‖！ここで決める！‖78‖	・[7d]\n씨！‖7c‖！돼，　맡겨라！‖7a‖！여기서\n끝낸다！‖78‖
364	0	106	0x0378	0x400C	0x1BB1	110	참조됨	0x0B48	02 00 26 01 2a 01	멜루아	0x0B6A	01 00 b6 05	['0x05B6']	cat0/f0x400C/c2-0x0B6A	B	！メルア！‖7a‖・はい！　私に任せてください！\n[7d]さん！！‖7a‖！[7e]で・・・\n墜としてみせる！\n・・・覚悟を決めなさい！！‖7a‖・[7d]さんに\nついて行くためなら、やってみせますっ！\nこれで・・・終わってくださぁぁぁい！！‖78‖	！멜루아！‖7a‖・네！　　저한테\n맡겨주세요！　[7d]\n씨！！‖7a‖！[7e]\n（으）로・・・　떨어뜨려주마！\n・・・각오해라！！‖7a‖・[7d]씨를\n위해　해보겠어요！　이걸로\n끝나주세요오！！‖78‖
364	0	107	0x0380	0x400C	0x1C1F	110	참조됨	0x0B48	02 00 26 01 2a 01	멜루아	0x0B6A	01 00 b6 05	['0x05B6']	cat0/f0x400C/c2-0x0B6A	B	！メルア！‖7a‖・はい！　私に任せてください！\n[7d]さん！！‖7a‖！[7e]で・・・\n墜としてみせる！\n・・・覚悟を決めなさい！！‖7a‖・[7d]さんに\nついて行くためなら、やってみせますっ！\nこれで・・・終わってくださぁぁぁい！！‖78‖	！멜루아！‖7a‖・네！　　저한테\n맡겨주세요！　[7d]\n씨！！‖7a‖！[7e]\n（으）로・・・　떨어뜨려주마！\n・・・각오해라！！‖7a‖・[7d]씨를\n위해　해보겠어요！　이걸로\n끝나주세요오！！‖78‖
364	0	108	0x0388	0x400C	0x1C8D	110	참조됨	0x0B48	02 00 26 01 2a 01	멜루아	0x0B6A	01 00 b6 05	['0x05B6']	cat0/f0x400C/c2-0x0B6A	B	！メルア！‖7a‖・はい！　私に任せてください！\n[7d]さん！！‖7a‖！[7e]で・・・\n墜としてみせる！\n・・・覚悟を決めなさい！！‖7a‖・[7d]さんに\nついて行くためなら、やってみせますっ！\nこれで・・・終わってくださぁぁぁい！！‖78‖	！멜루아！‖7a‖・네！　　저한테\n맡겨주세요！　[7d]\n씨！！‖7a‖！[7e]\n（으）로・・・　떨어뜨려주마！\n・・・각오해라！！‖7a‖・[7d]씨를\n위해　해보겠어요！　이걸로\n끝나주세요오！！‖78‖
364	0	109	0x0390	0x000C	0x1CFB	60	참조됨	0x0B48	02 00 26 01 2a 01	멜루아	0x0B6E	01 00 b6 05	['0x05B6']	cat0/f0x000C/c2-0x0B6E	B	！メルア！‖7a‖・大丈夫です！\n[7d]さん！！‖7a‖！今なら！！‖7a‖・さようなら！！\nこれで、終わってくださぁぁぁぁい！！‖78‖	！멜루아！‖7a‖・괜찮아요！\n[7d]　씨！！‖7a‖！지금이라면！！‖7a‖・안녕히！！\n이걸로，\n끝나주세요오오오！！‖78‖
364	0	110	0x0398	0x000C	0x1D37	59	참조됨	0x0B48	02 00 26 01 2a 01	멜루아	0x0B6E	01 00 b6 05	['0x05B6']	cat0/f0x000C/c2-0x0B6E	B	！メルア！‖7a‖・はい！\n[7d]さん！！‖7a‖！これで、決める！！‖7a‖・最後です！！\nこれで、終わってくださぁぁぁぁい！！‖78‖	！멜루아！‖7a‖・네！\n[7d]　씨！！‖7a‖！이걸로，\n끝낸다！！‖7a‖・마지막이에요！\n！　이걸로，\n끝나주세요오오오！！‖78‖
364	0	111	0x03A0	0x000C	0x1D72	58	참조됨	0x0B48	02 00 26 01 2a 01	멜루아	0x0B6E	01 00 b6 05	['0x05B6']	cat0/f0x000C/c2-0x0B6E	B	！メルア！‖7a‖・了解です！\n[7d]さん！！‖7a‖！逃がすか！！‖7a‖・いきます！！\nこれで、終わってくださぁぁぁぁい！！‖78‖	！멜루아！‖7a‖・알겠어요！\n[7d]　씨！！‖7a‖！놓칠　줄\n아냐！！‖7a‖・갑니다！！\n이걸로，\n끝나주세요오오오！！‖78‖
364	0	112	0x03A8	0x000C	0x1DAC	56	참조됨	0x0B3C	02 00 26 01 28 01	카티아	0x0B72	02 00 61 05 62 05	['0x0561', '0x0562']	cat0/f0x000C/c2-0x0B72	A	！私の前に出てくるな！‖7a‖・目標・・・\n射程圏内で捕捉したわ！‖7a‖！覚悟を決めなさい！\n[7f]！‖78‖	！내　앞에\n나오지　마라！‖7a‖・목표・・・　사정권\n안에서　포착했어！‖7a‖！각오를\n다져라！　[7f]！‖78‖
364	0	113	0x03B0	0x000C	0x1DE4	61	참조됨	0x0B3C	02 00 26 01 28 01	카티아	0x0B72	02 00 61 05 62 05	['0x0561', '0x0562']	cat0/f0x000C/c2-0x0B72	A	！もうこれ以上・・・\n好きにはさせないわ！‖7a‖・ターゲット捕捉！\n[7d]、今よ！‖7a‖！逃げられはしないっ！\n[7f]！‖78‖	！더　이상・・・\n마음대로　두지　않겠어！‖7a‖・타겟　포착！\n[7d]，　지금이야！‖7a‖！도망칠　순\n없다！　[7f]！‖78‖
364	0	114	0x03B8	0x000C	0x1E21	56	참조됨	0x0B42	02 00 26 01 29 01	테니아	0x0B72	02 00 61 05 62 05	['0x0561', '0x0562']	cat0/f0x000C/c2-0x0B72	A	！私の前に出てくるな！‖7a‖・目標・・・\n射程圏内で捕捉したよ！‖7a‖！覚悟を決めなさい！\n[7f]！‖78‖	！내　앞에\n나오지　마라！‖7a‖・목표・・・　사정권\n안에서　포착했어！‖7a‖！각오를\n다져라！　[7f]！‖78‖
364	0	115	0x03C0	0x000C	0x1E59	61	참조됨	0x0B42	02 00 26 01 29 01	테니아	0x0B72	02 00 61 05 62 05	['0x0561', '0x0562']	cat0/f0x000C/c2-0x0B72	A	！もうこれ以上・・・\n好きにはさせないわ！‖7a‖・ターゲット捕捉！\n[7d]、今だ！‖7a‖！逃げられはしないっ！\n[7f]！‖78‖	！더　이상・・・\n마음대로　두지　않겠어！‖7a‖・타겟　포착！\n[7d]，　지금이다！‖7a‖！도망칠　순\n없다！　[7f]！‖78‖
364	0	116	0x03C8	0x000C	0x1E96	57	참조됨	0x0B48	02 00 26 01 2a 01	멜루아	0x0B72	02 00 61 05 62 05	['0x0561', '0x0562']	cat0/f0x000C/c2-0x0B72	A	！私の前に出てくるな！‖7a‖・目標・・・\n射程圏内で捕捉しました！‖7a‖！覚悟を決めなさい！\n[7f]！‖78‖	！내　앞에\n나오지　마라！‖7a‖・목표・・・　사정권\n안에서　포착했어요！‖7a‖！각오를\n다져라！　[7f]！‖78‖
364	0	117	0x03D0	0x000C	0x1ECF	64	참조됨	0x0B48	02 00 26 01 2a 01	멜루아	0x0B72	02 00 61 05 62 05	['0x0561', '0x0562']	cat0/f0x000C/c2-0x0B72	A	！もうこれ以上・・・\n好きにはさせないわ！‖7a‖・ターゲット捕捉！\n[7d]さん、今です！‖7a‖！逃げられはしないっ！\n[7f]！‖78‖	！더　이상・・・\n마음대로　두지　않겠어！‖7a‖・타겟　포착！\n[7d]　씨，\n지금이에요！‖7a‖！도망칠　순\n없다！　[7f]！‖78‖
364	0	118	0x03D8	0x000C	0x1F0F	35	참조됨	0x0B3C	02 00 26 01 28 01	카티아	0x0B78	01 00 67 05	['0x0567']	cat0/f0x000C/c2-0x0B78	A	！私の前に出てくるな！‖7a‖・行くわ、[7d]！‖7a‖！くらいなさいっ！\n[7f]！‖78‖	！내　앞에\n나오지　마라！‖7a‖・간다，\n[7d]！‖7a‖！받아라！\n[7f]！‖78‖
364	0	119	0x03E0	0x000C	0x1F32	58	참조됨	0x0B3C	02 00 26 01 28 01	카티아	0x0B78	01 00 67 05	['0x0567']	cat0/f0x000C/c2-0x0B78	A	！もうこれ以上・・・\n好きにはさせないわ！‖7a‖・今よ、[7d]！\n動きが止まったわ！‖7a‖！消えなさいっ！\n[7f]！‖78‖	！더　이상・・・\n마음대로　두지　않겠어！‖7a‖・지금이야，\n[7d]！　움직임이\n멈췄어！‖7a‖！사라져라！\n[7f]！‖78‖
364	0	120	0x03E8	0x000C	0x1F6C	35	참조됨	0x0B42	02 00 26 01 29 01	테니아	0x0B78	01 00 67 05	['0x0567']	cat0/f0x000C/c2-0x0B78	A	！私の前に出てくるな！‖7a‖・行くよ、[7d]！‖7a‖！くらいなさいっ！\n[7f]！‖78‖	！내　앞에\n나오지　마라！‖7a‖・간다，\n[7d]！‖7a‖！받아라！\n[7f]！‖78‖
364	0	121	0x03F0	0x000C	0x1F8F	58	참조됨	0x0B42	02 00 26 01 29 01	테니아	0x0B78	01 00 67 05	['0x0567']	cat0/f0x000C/c2-0x0B78	A	！もうこれ以上・・・\n好きにはさせないわ！‖7a‖・今だ、[7d]！\n動きが止まったよ！‖7a‖！消えなさいっ！\n[7f]！‖78‖	！더　이상・・・\n마음대로　두지　않겠어！‖7a‖・지금이다，\n[7d]！　움직임이\n멈췄어！‖7a‖！사라져라！\n[7f]！‖78‖
364	0	122	0x03F8	0x000C	0x1FC9	39	참조됨	0x0B48	02 00 26 01 2a 01	멜루아	0x0B78	01 00 67 05	['0x0567']	cat0/f0x000C/c2-0x0B78	A	！私の前に出てくるな！‖7a‖・行きますよ、[7d]さん！‖7a‖！くらいなさいっ！\n[7f]！‖78‖	！내　앞에\n나오지　마라！‖7a‖・갑니다，\n[7d]　씨！‖7a‖！받아라！\n[7f]！‖78‖
364	0	123	0x0400	0x000C	0x1FF0	62	참조됨	0x0B48	02 00 26 01 2a 01	멜루아	0x0B78	01 00 67 05	['0x0567']	cat0/f0x000C/c2-0x0B78	A	！もうこれ以上・・・\n好きにはさせないわ！‖7a‖・今です、[7d]さん！\n動きが止まりました！‖7a‖！消えなさいっ！\n[7f]！‖78‖	！더　이상・・・\n마음대로　두지　않겠어！‖7a‖・지금이에요，\n[7d]　씨！　움직임이\n멈췄어요！‖7a‖！사라져라！\n[7f]！‖78‖
364	0	124	0x0408	0x000C	0x202E	35	참조됨	0x0B3C	02 00 26 01 28 01	카티아	0x0B7C	01 00 6c 05	['0x056C']	cat0/f0x000C/c2-0x0B7C	A	！私の前に出てくるな！‖7a‖・[7d]、今よ！‖7a‖！ここで決める！\n[7f]！‖78‖	！내　앞에\n나오지　마라！‖7a‖・[7d]，\n지금이야！‖7a‖！여기서\n끝낸다！　[7f]！‖78‖
364	0	125	0x0410	0x000C	0x2051	48	참조됨	0x0B3C	02 00 26 01 28 01	카티아	0x0B7C	01 00 6c 05	['0x056C']	cat0/f0x000C/c2-0x0B7C	A	！もうこれ以上・・・\n好きにはさせないわ！‖7a‖・このまま行くわ！‖7a‖！直撃させるっ！\n[7f]！‖78‖	！더　이상・・・\n마음대로　두지　않겠어！‖7a‖・이대로　간다！‖7a‖！직격시킨다！\n[7f]！‖78‖
364	0	126	0x0418	0x000C	0x2081	35	참조됨	0x0B42	02 00 26 01 29 01	테니아	0x0B7C	01 00 6c 05	['0x056C']	cat0/f0x000C/c2-0x0B7C	A	！私の前に出てくるな！‖7a‖・[7d]、今だ！‖7a‖！ここで決める！\n[7f]！‖78‖	！내　앞에\n나오지　마라！‖7a‖・[7d]、지\n금이다！‖7a‖！여기서\n끝낸다！　[7f]！‖78‖
364	0	127	0x0420	0x000C	0x20A4	48	참조됨	0x0B42	02 00 26 01 29 01	테니아	0x0B7C	01 00 6c 05	['0x056C']	cat0/f0x000C/c2-0x0B7C	A	！もうこれ以上・・・\n好きにはさせないわ！‖7a‖・このまま行くよ！‖7a‖！直撃させるっ！\n[7f]！‖78‖	！더　이상・・・\n마음대로　두지　않겠어！‖7a‖・이대로　간다！‖7a‖！직격시킨다！\n[7f]！‖78‖
364	0	128	0x0428	0x000C	0x20D4	38	참조됨	0x0B48	02 00 26 01 2a 01	멜루아	0x0B7C	01 00 6c 05	['0x056C']	cat0/f0x000C/c2-0x0B7C	A	！私の前に出てくるな！‖7a‖・[7d]さん、今です！‖7a‖！ここで決める！\n[7f]！‖78‖	！내　앞에\n나오지　마라！‖7a‖・[7d]\n씨，　지금이에요！‖7a‖！여기서\n끝낸다！　[7f]！‖78‖
364	0	129	0x0430	0x000C	0x20FA	49	참조됨	0x0B48	02 00 26 01 2a 01	멜루아	0x0B7C	01 00 6c 05	['0x056C']	cat0/f0x000C/c2-0x0B7C	A	！もうこれ以上・・・\n好きにはさせないわ！‖7a‖・このまま行きます！‖7a‖！直撃させるっ！\n[7f]！‖78‖	！더　이상・・・\n마음대로　두지　않겠어！‖7a‖・이대로\n갑니다！‖7a‖！직격시킨다！\n[7f]！‖78‖
364	0	130	0x0438	0x400C	0x212B	95	참조됨	0x0B3C	02 00 26 01 28 01	카티아	0x0B80	03 00 71 05 78 05 7f 05	['0x0571', '0x0578', '0x057F']	cat0/f0x400C/c2-0x0B80	B	‖79‖！カティア！‖7a‖・ええ！　私に任せて！\n[7d]！！‖7a‖！[7e]で・・・\n墜としてみせる！\nいっけぇぇぇーっ！！‖7a‖・[7d]に\nついて行くためなら、やってみせるわっ！\nこれで・・・墜ちてぇぇぇーっ！！‖78‖	‖79‖！카티아！‖7a‖・응！　　나한테\n맡겨！　[7d]！！‖7a‖！[7e]\n（으）로・・・　떨어뜨려주마！\n가라아아아앗！！‖7a‖・[7d]를\n위해서라면　해보이겠어！\n이걸로　떨어져라앗！！‖78‖
364	0	131	0x0440	0x400C	0x218A	95	참조됨	0x0B3C	02 00 26 01 28 01	카티아	0x0B80	03 00 71 05 78 05 7f 05	['0x0571', '0x0578', '0x057F']	cat0/f0x400C/c2-0x0B80	B	‖79‖！カティア！‖7a‖・ええ！　私に任せて！\n[7d]！！‖7a‖！[7e]で・・・\n墜としてみせる！\nいっけぇぇぇーっ！！‖7a‖・[7d]に\nついて行くためなら、やってみせるわっ！\nこれで・・・墜ちてぇぇぇーっ！！‖78‖	‖79‖！카티아！‖7a‖・응！　　나한테\n맡겨！　[7d]！！‖7a‖！[7e]\n（으）로・・・　떨어뜨려주마！\n가라아아아앗！！‖7a‖・[7d]를\n위해서라면　해보이겠어！\n이걸로　떨어져라앗！！‖78‖
364	0	132	0x0448	0x400C	0x21E9	95	참조됨	0x0B3C	02 00 26 01 28 01	카티아	0x0B80	03 00 71 05 78 05 7f 05	['0x0571', '0x0578', '0x057F']	cat0/f0x400C/c2-0x0B80	B	‖79‖！カティア！‖7a‖・ええ！　私に任せて！\n[7d]！！‖7a‖！[7e]で・・・\n墜としてみせる！\nいっけぇぇぇーっ！！‖7a‖・[7d]に\nついて行くためなら、やってみせるわっ！\nこれで・・・墜ちてぇぇぇーっ！！‖78‖	‖79‖！카티아！‖7a‖・응！　　나한테\n맡겨！　[7d]！！‖7a‖！[7e]\n（으）로・・・　떨어뜨려주마！\n가라아아아앗！！‖7a‖・[7d]를\n위해서라면　해보이겠어！\n이걸로　떨어져라앗！！‖78‖
364	0	133	0x0450	0x400C	0x2248	98	참조됨	0x0B42	02 00 26 01 29 01	테니아	0x0B88	03 00 72 05 79 05 80 05	['0x0572', '0x0579', '0x0580']	cat0/f0x400C/c2-0x0B88	B	‖79‖！テニア！‖7a‖・うん！　アタシに任せてよ！\n[7d]！！‖7a‖！[7e]で・・・\n墜としてみせる！\nいっけぇぇぇーっ！！‖7a‖・[7d]に\nついて行くためなら、やってみせるよっ！\nこいつで・・・とどめェェェーッ！！‖78‖	‖79‖！테니아！‖7a‖・응！　　나한테\n맡겨！　[7d]！！‖7a‖！[7e]\n（으）로・・・　떨어뜨려주마！\n가라아아아앗！！‖7a‖・[7d]를\n위해서라면　해보이겠어！\n이걸로　끝장이다앗！！‖78‖
364	0	134	0x0458	0x400C	0x22AA	98	참조됨	0x0B42	02 00 26 01 29 01	테니아	0x0B88	03 00 72 05 79 05 80 05	['0x0572', '0x0579', '0x0580']	cat0/f0x400C/c2-0x0B88	B	‖79‖！テニア！‖7a‖・うん！　アタシに任せてよ！\n[7d]！！‖7a‖！[7e]で・・・\n墜としてみせる！\nいっけぇぇぇーっ！！‖7a‖・[7d]に\nついて行くためなら、やってみせるよっ！\nこいつで・・・とどめェェェーッ！！‖78‖	‖79‖！테니아！‖7a‖・응！　　나한테\n맡겨！　[7d]！！‖7a‖！[7e]\n（으）로・・・　떨어뜨려주마！\n가라아아아앗！！‖7a‖・[7d]를\n위해서라면　해보이겠어！\n이걸로　끝장이다앗！！‖78‖
364	0	135	0x0460	0x400C	0x230C	98	참조됨	0x0B42	02 00 26 01 29 01	테니아	0x0B88	03 00 72 05 79 05 80 05	['0x0572', '0x0579', '0x0580']	cat0/f0x400C/c2-0x0B88	B	‖79‖！テニア！‖7a‖・うん！　アタシに任せてよ！\n[7d]！！‖7a‖！[7e]で・・・\n墜としてみせる！\nいっけぇぇぇーっ！！‖7a‖・[7d]に\nついて行くためなら、やってみせるよっ！\nこいつで・・・とどめェェェーッ！！‖78‖	‖79‖！테니아！‖7a‖・응！　　나한테\n맡겨！　[7d]！！‖7a‖！[7e]\n（으）로・・・　떨어뜨려주마！\n가라아아아앗！！‖7a‖・[7d]를\n위해서라면　해보이겠어！\n이걸로　끝장이다앗！！‖78‖
364	0	136	0x0468	0x400C	0x236E	105	참조됨	0x0B48	02 00 26 01 2a 01	멜루아	0x0B90	03 00 73 05 7a 05 81 05	['0x0573', '0x057A', '0x0581']	cat0/f0x400C/c2-0x0B90	B	‖79‖！メルア！‖7a‖・はい！　私に任せてください！\n[7d]さん！！‖7a‖！[7e]で・・・\n墜としてみせる！\nいっけぇぇぇーっ！！‖7a‖・[7d]さんに\nついて行くためなら、やってみせますっ！\nこれで・・・終わってくださぁぁぁい！！‖78‖	‖79‖！멜루아！‖7a‖・네！　　저한테\n맡겨주세요！　[7d]\n씨！！‖7a‖！[7e]\n（으）로・・・　떨어뜨려주마！\n가라아아아앗！！‖7a‖・[7d]씨를\n위해　해보겠어요！　이걸로\n끝나주세요오！！‖78‖
364	0	137	0x0470	0x400C	0x23D7	105	참조됨	0x0B48	02 00 26 01 2a 01	멜루아	0x0B90	03 00 73 05 7a 05 81 05	['0x0573', '0x057A', '0x0581']	cat0/f0x400C/c2-0x0B90	B	‖79‖！メルア！‖7a‖・はい！　私に任せてください！\n[7d]さん！！‖7a‖！[7e]で・・・\n墜としてみせる！\nいっけぇぇぇーっ！！‖7a‖・[7d]さんに\nついて行くためなら、やってみせますっ！\nこれで・・・終わってくださぁぁぁい！！‖78‖	‖79‖！멜루아！‖7a‖・네！　　저한테\n맡겨주세요！　[7d]\n씨！！‖7a‖！[7e]\n（으）로・・・　떨어뜨려주마！\n가라아아아앗！！‖7a‖・[7d]씨를\n위해　해보겠어요！　이걸로\n끝나주세요오！！‖78‖
364	0	138	0x0478	0x400C	0x2440	105	참조됨	0x0B48	02 00 26 01 2a 01	멜루아	0x0B90	03 00 73 05 7a 05 81 05	['0x0573', '0x057A', '0x0581']	cat0/f0x400C/c2-0x0B90	B	‖79‖！メルア！‖7a‖・はい！　私に任せてください！\n[7d]さん！！‖7a‖！[7e]で・・・\n墜としてみせる！\nいっけぇぇぇーっ！！‖7a‖・[7d]さんに\nついて行くためなら、やってみせますっ！\nこれで・・・終わってくださぁぁぁい！！‖78‖	‖79‖！멜루아！‖7a‖・네！　　저한테\n맡겨주세요！　[7d]\n씨！！‖7a‖！[7e]\n（으）로・・・　떨어뜨려주마！\n가라아아아앗！！‖7a‖・[7d]씨를\n위해　해보겠어요！　이걸로\n끝나주세요오！！‖78‖
364	0	139	0x0480	0x000C	0x24A9	82	참조됨	0x0B3C	02 00 26 01 28 01	카티아	0x0B98	01 00 71 05	['0x0571']	cat0/f0x000C/c2-0x0B98	B	‖79‖！今よ、カティア！‖7a‖・了解！\nフォーメーションを展開するわ！‖7a‖！[7f]、\n発射！　行けぇぇぇーっ！！‖7a‖・いくわよッ！！\nこれで、墜ちてぇぇぇーっ！！‖78‖	‖79‖！지금이야，\n카티아！‖7a‖・알겠어！\n포메이션을　전개한다！‖7a‖！[7f]，\n발사！　가라아아아앗！！‖7a‖・간다！！\n이걸로，\n떨어져라아아앗！！‖78‖
364	0	140	0x0488	0x000C	0x24FB	84	참조됨	0x0B42	02 00 26 01 29 01	테니아	0x0B9C	01 00 72 05	['0x0572']	cat0/f0x000C/c2-0x0B9C	B	‖79‖！今よ、テニア！‖7a‖・了解っ！\nフォーメーションを展開するよ！‖7a‖！[7f]、\n発射！　行けぇぇぇーっ！！‖7a‖・いっくよォー！！\nこいつで、とどめェェェーッ！！‖78‖	‖79‖！지금이야，\n테니아！‖7a‖・알겠어！\n포메이션을　전개한다！‖7a‖！[7f]，\n발사！　가라아아아앗！！‖7a‖・간다아！！\n이걸로，\n끝장이다아아앗！！‖78‖
364	0	141	0x0490	0x000C	0x254F	84	참조됨	0x0B48	02 00 26 01 2a 01	멜루아	0x0BA0	01 00 73 05	['0x0573']	cat0/f0x000C/c2-0x0BA0	B	‖79‖！今よ、メルア！‖7a‖・了解！\nフォーメーションを展開します！‖7a‖！[7f]、\n発射！　行けぇぇぇーっ！！‖7a‖・いきます！！\nこれで、終わってくださぁぁぁぁい！！‖78‖	‖79‖！지금이야，\n멜루아！‖7a‖・알겠어！\n포메이션을　전개합니다！‖7a‖！[7f]，\n발사！　가라아아아앗！！‖7a‖・갑니다！！\n이걸로，\n끝나주세요오오오！！‖78‖
364	0	142	0x0498	0x000C	0x25A3	75	참조됨	0x0B3C	02 00 26 01 28 01	카티아	0x0BA4	01 00 78 05	['0x0578']	cat0/f0x000C/c2-0x0BA4	B	‖79‖！カティア、\nマキシマムモードに移行！‖7a‖・了解！‖7a‖！[7f]、\n発動！　行けぇぇぇーっ！！‖7a‖・お別れね！！\nこれで、墜ちてぇぇぇーっ！！‖78‖	‖79‖！카티아，\n맥시멈　모드로　이행！‖7a‖・알겠습니다！‖7a‖！[7f]，\n발동！　가라아아아앗！！‖7a‖・작별이네！！\n이걸로，\n떨어져라아아앗！！‖78‖
364	0	143	0x04A0	0x000C	0x25EE	74	참조됨	0x0B42	02 00 26 01 29 01	테니아	0x0BA8	01 00 79 05	['0x0579']	cat0/f0x000C/c2-0x0BA8	B	‖79‖！テニア、\nマキシマムモードに移行！‖7a‖・ＯＫ！‖7a‖！[7f]、\n発動！　行けぇぇぇーっ！！‖7a‖・バイバイ！！\nこいつで、とどめェェェーッ！！‖78‖	‖79‖！테니아，\n맥시멈　모드로　이행！‖7a‖・ＯＫ！‖7a‖！[7f]，\n발동！　가라아아아앗！！‖7a‖・바이바이！！\n이걸로，\n끝장이다아아앗！！‖78‖
364	0	144	0x04A8	0x000C	0x2638	80	참조됨	0x0B48	02 00 26 01 2a 01	멜루아	0x0BAC	01 00 7a 05	['0x057A']	cat0/f0x000C/c2-0x0BAC	B	‖79‖！メルア、\nマキシマムモードに移行！‖7a‖・了解です！‖7a‖！[7f]、\n発動！　行けぇぇぇーっ！！‖7a‖・さようなら！！\nこれで、終わってくださぁぁぁぁい！！‖78‖	‖79‖！멜루아，\n맥시멈　모드로　이행！‖7a‖・알겠습니다！‖7a‖！[7f]，\n발동！　가라아아아앗！！‖7a‖・안녕히！！\n이걸로，\n끝나주세요오오오！！‖78‖
364	0	145	0x04B0	0x000C	0x2688	77	참조됨	0x0B3C	02 00 26 01 28 01	카티아	0x0BB0	01 00 7f 05	['0x057F']	cat0/f0x000C/c2-0x0BB0	B	‖79‖！カティア、行くわよ！‖7a‖・了解！\nシーカー作動、標的ロック！‖7a‖！[7f]！\n行けぇぇぇーっ！！‖7a‖・終わりね！！\nこれで、墜ちてぇぇぇーっ！！‖78‖	‖79‖！카티아，\n간다！‖7a‖・알겠어！　시커\n작동，　표적　록！‖7a‖！[7f]！\n가라아아아앗！！‖7a‖・끝이네！！\n이걸로，\n떨어져라아아앗！！‖78‖
364	0	146	0x04B8	0x000C	0x26D5	75	참조됨	0x0B42	02 00 26 01 29 01	테니아	0x0BB4	01 00 80 05	['0x0580']	cat0/f0x000C/c2-0x0BB4	B	‖79‖！テニア、行くわよ！‖7a‖・ＯＫ！\nシーカー作動、標的ロック！‖7a‖！[7f]！\n行けぇぇぇーっ！！‖7a‖・ラスト！！\nこいつで、とどめェェェーッ！！‖78‖	‖79‖！테니아，\n간다！‖7a‖・ＯＫ！　시커\n작동，　표적　록！‖7a‖！[7f]！\n가라아아아앗！！‖7a‖・라스트！！\n이걸로，\n끝장이다아아앗！！‖78‖
364	0	147	0x04C0	0x000C	0x2720	83	참조됨	0x0B48	02 00 26 01 2a 01	멜루아	0x0BB8	01 00 81 05	['0x0581']	cat0/f0x000C/c2-0x0BB8	B	‖79‖！メルア、行くわよ！‖7a‖・了解です！\nシーカー作動、標的ロック！‖7a‖！[7f]！\n行けぇぇぇーっ！！‖7a‖・最後です！！\nこれで、終わってくださぁぁぁぁい！！‖78‖	‖79‖！멜루아，\n간다！‖7a‖・알겠어요！\n시커　작동，　표적　록！‖7a‖！[7f]！\n가라아아아앗！！‖7a‖・마지막이에요！\n！　이걸로，\n끝나주세요오오오！！‖78‖
364	0	151	0x04E0	0x0020	0x27C0	29	참조됨	0x0B3C	02 00 26 01 28 01	카티아	0x0BBC	01 00 2b 01	['0x012B']	cat0/f0x0020/c2-0x0BBC	A	！アル＝ヴァン、貴様！\n逃げるなぁあっ！‖7c‖・[7d]！‖78‖	！알＝반，\n네놈！　도망치지　마라아！‖7c‖・[7d]！‖78‖
364	0	152	0x04E8	0x0020	0x27DD	29	참조됨	0x0B42	02 00 26 01 29 01	테니아	0x0BBC	01 00 2b 01	['0x012B']	cat0/f0x0020/c2-0x0BBC	A	！アル＝ヴァン、貴様！\n逃げるなぁあっ！‖7c‖・[7d]！‖78‖	！알＝반，\n네놈！　도망치지　마라아！‖7c‖・[7d]！‖78‖
364	0	153	0x04F0	0x0020	0x27FA	31	참조됨	0x0B48	02 00 26 01 2a 01	멜루아	0x0BBC	01 00 2b 01	['0x012B']	cat0/f0x0020/c2-0x0BBC	A	！アル＝ヴァン、貴様！\n逃げるなぁあっ！‖7c‖・[7d]さん！‖78‖	！알＝반，\n네놈！　도망치지　마라아！‖7c‖・[7d]\n씨！‖78‖
364	0	154	0x04F8	0x0020	0x2819	47	참조됨	0x0B3C	02 00 26 01 28 01	카티아	0x0BBC	01 00 2b 01	['0x012B']	cat0/f0x0020/c2-0x0BBC	A	・[7d]、無茶よ！‖7c‖！黙りなさい！\n例えやられても・・・\n奴を一緒に連れていく！‖78‖	・[7d]，\n무모해！‖7c‖！닥쳐라！　설령\n당하더라도・・・　저놈을　함께\n데려간다！‖78‖
364	0	155	0x0500	0x0020	0x2848	48	참조됨	0x0B42	02 00 26 01 29 01	테니아	0x0BBC	01 00 2b 01	['0x012B']	cat0/f0x0020/c2-0x0BBC	A	・[7d]、無茶だよ！‖7c‖！黙りなさい！\n例えやられても・・・\n奴を一緒に連れていく！‖78‖	・[7d]，\n무모해！‖7c‖！닥쳐라！　설령\n당하더라도・・・　저놈을　함께\n데려간다！‖78‖
364	0	156	0x0508	0x0020	0x2878	50	참조됨	0x0B48	02 00 26 01 2a 01	멜루아	0x0BBC	01 00 2b 01	['0x012B']	cat0/f0x0020/c2-0x0BBC	A	・[7d]さん、無茶です！‖7c‖！黙りなさい！\n例えやられても・・・\n奴を一緒に連れていく！‖78‖	・[7d]\n씨，　무모해요！‖7c‖！닥쳐라！　설령\n당하더라도・・・　저놈을　함께\n데려간다！‖78‖
364	0	157	0x0510	0x0020	0x28AA	48	참조됨	0x0B3C	02 00 26 01 28 01	카티아	0x0BBC	01 00 2b 01	['0x012B']	cat0/f0x0020/c2-0x0BBC	A	！アル＝ヴァン、貴様だけは！\n貴様だけは私の手で！‖7c‖・[7d]！\n落ち着いて、周りを見て！‖78‖	！알＝반，\n네놈만은！　네놈만은　내\n손으로！‖7c‖・[7d]！\n침착하게，　주위를　봐！‖78‖
364	0	158	0x0518	0x0020	0x28DA	49	참조됨	0x0B42	02 00 26 01 29 01	테니아	0x0BBC	01 00 2b 01	['0x012B']	cat0/f0x0020/c2-0x0BBC	A	！アル＝ヴァン、貴様だけは！\n貴様だけは私の手で！‖7c‖・[7d]！\n落ち着いてよ、周りを見て！‖78‖	！알＝반，\n네놈만은！　네놈만은　내\n손으로！‖7c‖・[7d]！\n침착해，　주위를　봐！‖78‖
364	0	159	0x0520	0x0020	0x290B	54	참조됨	0x0B48	02 00 26 01 2a 01	멜루아	0x0BBC	01 00 2b 01	['0x012B']	cat0/f0x0020/c2-0x0BBC	A	！アル＝ヴァン、貴様だけは！\n貴様だけは私の手で！‖7c‖・[7d]さん！\n落ち着いてください、周りを見て！‖78‖	！알＝반，\n네놈만은！　네놈만은　내\n손으로！‖7c‖・[7d]\n씨！　침착해　주세요，\n주위를　봐！‖78‖
364	0	160	0x0528	0x0020	0x2941	48	참조됨	0x0B3C	02 00 26 01 28 01	카티아	0x0BBC	01 00 2b 01	['0x012B']	cat0/f0x0020/c2-0x0BBC	A	！距離を詰めなさい、\nカティア！‖7c‖・え、ええ！‖7c‖！逃がさない・・・\n逃がさないわよ！‖78‖	！거리를\n좁혀라，　카티아！‖7c‖・으，　응！‖7c‖！놓치지　않아・・・\n놓치지　않아！‖78‖
364	0	161	0x0530	0x0020	0x2971	48	참조됨	0x0B42	02 00 26 01 29 01	테니아	0x0BBC	01 00 2b 01	['0x012B']	cat0/f0x0020/c2-0x0BBC	A	！距離を詰めなさい、\nテニア！‖7c‖・う、うん！‖7c‖！逃がさない・・・\n逃がさないわよ！‖78‖	！거리를\n좁혀라，　테니아！‖7c‖・으，　응！‖7c‖！놓치지　않아・・・\n놓치지　않아！‖78‖
364	0	162	0x0538	0x0020	0x29A1	47	참조됨	0x0B48	02 00 26 01 2a 01	멜루아	0x0BBC	01 00 2b 01	['0x012B']	cat0/f0x0020/c2-0x0BBC	A	！距離を詰めなさい、\nメルア！‖7c‖・は、はい！‖7c‖！逃がさない・・・\n逃がさないわよ！‖78‖	！거리를\n좁혀라，　멜루아！‖7c‖・네，　네！‖7c‖！놓치지　않아・・・\n놓치지　않아！‖78‖
364	0	165	0x0550	0x0020	0x2A0E	46	참조됨	0x0B3C	02 00 26 01 28 01	카티아	0x0BC0	02 00 2c 01 2d 01	['0x012C', '0x012D']	cat0/f0x0020/c2-0x0BC0	A	！あんたの思い上がり・・・\n叩き直してあげるわ！\nカティア、行くわよ！‖7c‖・ええ！‖78‖	！네　자만・・・\n바로잡아　주겠어！　카티아，\n간다！‖7c‖・응！‖78‖
364	0	166	0x0558	0x0020	0x2A3C	46	참조됨	0x0B42	02 00 26 01 29 01	테니아	0x0BC0	02 00 2c 01 2d 01	['0x012C', '0x012D']	cat0/f0x0020/c2-0x0BC0	A	！あんたの思い上がり・・・\n叩き直してあげるわ！\nテニア、行くわよ！‖7c‖・うん！‖78‖	！네　자만・・・\n바로잡아　주겠어！　테니아，\n간다！‖7c‖・응！‖78‖
364	0	167	0x0560	0x0020	0x2A6A	45	참조됨	0x0B48	02 00 26 01 2a 01	멜루아	0x0BC0	02 00 2c 01 2d 01	['0x012C', '0x012D']	cat0/f0x0020/c2-0x0BC0	A	！あんたの思い上がり・・・\n叩き直してあげるわ！\nメルア、行くわよ！‖7c‖・はい！‖78‖	！네　자만・・・\n바로잡아　주겠어！　멜루아，\n간다！‖7c‖・네！‖78‖
364	0	168	0x0568	0x0020	0x2A97	41	참조됨	0x0B3C	02 00 26 01 28 01	카티아	0x0BC0	02 00 2c 01 2d 01	['0x012C', '0x012D']	cat0/f0x0020/c2-0x0BC0	A	！相変わらず動きが荒い！\nいくら速くたって！‖7c‖・前に出るわ、[7d]！‖78‖	！여전히\n움직임이　거칠다！　아무리\n빨라봤자！‖7c‖・앞으로\n나간다，　[7d]！‖78‖
364	0	169	0x0570	0x0020	0x2AC0	41	참조됨	0x0B42	02 00 26 01 29 01	테니아	0x0BC0	02 00 2c 01 2d 01	['0x012C', '0x012D']	cat0/f0x0020/c2-0x0BC0	A	！相変わらず動きが荒い！\nいくら速くたって！‖7c‖・前に出るよ、[7d]！‖78‖	！여전히\n움직임이　거칠다！　아무리\n빨라봤자！‖7c‖・앞으로\n나간다，　[7d]！‖78‖
364	0	170	0x0578	0x0020	0x2AE9	43	참조됨	0x0B48	02 00 26 01 2a 01	멜루아	0x0BC0	02 00 2c 01 2d 01	['0x012C', '0x012D']	cat0/f0x0020/c2-0x0BC0	A	！相変わらず動きが荒い！\nいくら速くたって！‖7c‖・前に出ます、[7d]さん！‖78‖	！여전히\n움직임이　거칠다！　아무리\n빨라봤자！‖7c‖・앞으로\n나갑니다，　[7d]\n씨！‖78‖
364	0	171	0x0580	0x0020	0x2B14	38	참조됨	0x0B3C	02 00 26 01 28 01	카티아	0x0BC0	02 00 2c 01 2d 01	['0x012C', '0x012D']	cat0/f0x0020/c2-0x0BC0	A	・[7d]、\n目標捕捉したわ！\n今です！‖7c‖！墜ちろっ、ジュア＝ム！‖78‖	・[7d]，\n목표　포착했어！\n지금이에요！‖7c‖！떨어져라，\n쥬아＝무！‖78‖
364	0	172	0x0588	0x0020	0x2B3A	38	참조됨	0x0B42	02 00 26 01 29 01	테니아	0x0BC0	02 00 2c 01 2d 01	['0x012C', '0x012D']	cat0/f0x0020/c2-0x0BC0	A	・[7d]、\n目標捕捉したよ！\n今だよ！‖7c‖！墜ちろっ、ジュア＝ム！‖78‖	・[7d]，\n목표　포착했어！\n지금이야！‖7c‖！떨어져라，\n쥬아＝무！‖78‖
364	0	173	0x0590	0x0020	0x2B60	41	참조됨	0x0B48	02 00 26 01 2a 01	멜루아	0x0BC0	02 00 2c 01 2d 01	['0x012C', '0x012D']	cat0/f0x0020/c2-0x0BC0	A	・[7d]さん、\n目標捕捉しました！\n今です！‖7c‖！墜ちろっ、ジュア＝ム！‖78‖	・[7d]\n씨，　목표　포착했어요！\n지금이에요！‖7c‖！떨어져라，\n쥬아＝무！‖78‖
364	0	174	0x0598	0x0020	0x2B89	29	참조됨	0x0B3C	02 00 26 01 28 01	카티아	0x0BC0	02 00 2c 01 2d 01	['0x012C', '0x012D']	cat0/f0x0020/c2-0x0BC0	A	！そこだ、ジュア＝ム！‖7c‖・ターゲット確認完了！‖78‖	！거기다，\n쥬아＝무！‖7c‖・타겟　확인\n완료！‖78‖
364	0	175	0x05A0	0x0020	0x2BA6	29	참조됨	0x0B42	02 00 26 01 29 01	테니아	0x0BC0	02 00 2c 01 2d 01	['0x012C', '0x012D']	cat0/f0x0020/c2-0x0BC0	A	！そこだ、ジュア＝ム！‖7c‖・ターゲット確認終わり！‖78‖	！거기다，\n쥬아＝무！‖7c‖・타겟　확인\n끝！‖78‖
364	0	176	0x05A8	0x0020	0x2BC3	33	참조됨	0x0B48	02 00 26 01 2a 01	멜루아	0x0BC0	02 00 2c 01 2d 01	['0x012C', '0x012D']	cat0/f0x0020/c2-0x0BC0	A	！そこだ、ジュア＝ム！‖7c‖・ターゲット確認完了しました！‖78‖	！거기다，\n쥬아＝무！‖7c‖・타겟　확인\n완료했어요！‖78‖
364	0	177	0x05B0	0x0020	0x2BE4	35	참조됨	0x0B3C	02 00 26 01 28 01	카티아	0x0BC0	02 00 2c 01 2d 01	['0x012C', '0x012D']	cat0/f0x0020/c2-0x0BC0	A	！やらせるか、ジュア＝ム！\nカティア、奴を逃がすな！‖7c‖・ええ！‖78‖	！그렇게　둘　줄\n아냐，　쥬아＝무！　카티아，\n저놈을　놓치지　마라！‖7c‖・응！‖78‖
364	0	178	0x05B8	0x0020	0x2C07	35	참조됨	0x0B42	02 00 26 01 29 01	테니아	0x0BC0	02 00 2c 01 2d 01	['0x012C', '0x012D']	cat0/f0x0020/c2-0x0BC0	A	！やらせるか、ジュア＝ム！\nテニア、奴を逃がすな！‖7c‖・うん！‖78‖	！그렇게　둘　줄\n아냐，　쥬아＝무！　테니아，\n저놈을　놓치지　마라！‖7c‖・응！‖78‖
364	0	179	0x05C0	0x0020	0x2C2A	34	참조됨	0x0B48	02 00 26 01 2a 01	멜루아	0x0BC0	02 00 2c 01 2d 01	['0x012C', '0x012D']	cat0/f0x0020/c2-0x0BC0	A	！やらせるか、ジュア＝ム！\nメルア、奴を逃がすな！‖7c‖・はい！‖78‖	！그렇게　둘　줄\n아냐，　쥬아＝무！　멜루아，\n저놈을　놓치지　마라！‖7c‖・네！‖78‖
364	0	181	0x05D0	0x0020	0x2C68	33	참조됨	0x0B3C	02 00 26 01 28 01	카티아	0x0BC6	01 00 2f 01	['0x012F']	cat0/f0x0020/c2-0x0BC6	A	！[7e]で\n決める！　カティア、いい！？‖7c‖・ええ、いつでもいいわ！‖78‖	！[7e]로\n결판낸다！　　카티아，\n됐어！？‖7c‖・응，　언제든\n좋아！‖78‖
364	0	182	0x05D8	0x0020	0x2C89	33	참조됨	0x0B42	02 00 26 01 29 01	테니아	0x0BC6	01 00 2f 01	['0x012F']	cat0/f0x0020/c2-0x0BC6	A	！[7e]で\n決める！　テニア、いい！？‖7c‖・うん、いつでもいいよ！‖78‖	！[7e]로\n결판낸다！　　테니아，\n됐어！？‖7c‖・응，　언제든\n좋아！‖78‖
364	0	183	0x05E0	0x0020	0x2CAA	33	참조됨	0x0B48	02 00 26 01 2a 01	멜루아	0x0BC6	01 00 2f 01	['0x012F']	cat0/f0x0020/c2-0x0BC6	A	！[7e]で\n決める！　メルア、いい！？‖7c‖・はい、いつでもいいです！‖78‖	！[7e]로\n결판낸다！　　멜루아，\n됐어！？‖7c‖・네，　언제든\n좋아요！‖78‖
364	0	184	0x05E8	0x0020	0x2CCB	23	참조됨	0x0B3C	02 00 26 01 28 01	카티아	0x0BC6	01 00 2f 01	['0x012F']	cat0/f0x0020/c2-0x0BC6	A	！こいつさえ仕留めれば！‖7c‖・行くわ、[7d]！‖78‖	！이놈만\n처치하면！‖7c‖・간다，\n[7d]！‖78‖
364	0	185	0x05F0	0x0020	0x2CE2	23	참조됨	0x0B42	02 00 26 01 29 01	테니아	0x0BC6	01 00 2f 01	['0x012F']	cat0/f0x0020/c2-0x0BC6	A	！こいつさえ仕留めれば！‖7c‖・行くよ、[7d]！‖78‖	！이놈만\n처치하면！‖7c‖・간다，\n[7d]！‖78‖
364	0	186	0x05F8	0x0020	0x2CF9	26	참조됨	0x0B48	02 00 26 01 2a 01	멜루아	0x0BC6	01 00 2f 01	['0x012F']	cat0/f0x0020/c2-0x0BC6	A	！こいつさえ仕留めれば！‖7c‖・行きます、[7d]さん！‖78‖	！이놈만\n처치하면！‖7c‖・갑니다，\n[7d]　씨！‖78‖
364	0	187	0x0600	0x0020	0x2D13	34	참조됨	0x0B3C	02 00 26 01 28 01	카티아	0x0BCA	01 00 2e 01	['0x012E']	cat0/f0x0020/c2-0x0BCA	A	！女同士だからって、\n遠慮は無しで行くわよ！‖7c‖・ええ！‖78‖	！여자끼리라고，\n사정　봐주지　않고　간다！‖7c‖・응！‖78‖
364	0	188	0x0608	0x0020	0x2D35	39	참조됨	0x0B42	02 00 26 01 29 01	테니아	0x0BCA	01 00 2e 01	['0x012E']	cat0/f0x0020/c2-0x0BCA	A	！女同士だからって、\n遠慮は無しで行くわよ！‖7c‖・わかってるって！‖78‖	！여자끼리라고，\n사정　봐주지　않고　간다！‖7c‖・알고\n있다니까！‖78‖
364	0	189	0x0610	0x0020	0x2D5C	34	참조됨	0x0B48	02 00 26 01 2a 01	멜루아	0x0BCA	01 00 2e 01	['0x012E']	cat0/f0x0020/c2-0x0BCA	A	！女同士だからって、\n遠慮は無しで行くわよ！‖7c‖・はい！‖78‖	！여자끼리라고，\n사정　봐주지　않고　간다！‖7c‖・네！‖78‖
364	0	190	0x0618	0x0020	0x2D7E	49	참조됨	0x0B3C	02 00 26 01 28 01	카티아	0x0BCA	01 00 2e 01	['0x012E']	cat0/f0x0020/c2-0x0BCA	A	！危険な敵は・・・\n撃たれる前に落とす！‖7c‖・目標、\n射程圏内で捕捉したわ！‖78‖	！위험한　적은・・・\n맞기　전에　떨군다！‖7c‖・목표，　사정권\n안에서　포착했어！‖78‖
364	0	191	0x0620	0x0020	0x2DAF	49	참조됨	0x0B42	02 00 26 01 29 01	테니아	0x0BCA	01 00 2e 01	['0x012E']	cat0/f0x0020/c2-0x0BCA	A	！危険な敵は・・・\n撃たれる前に落とす！‖7c‖・目標、\n射程圏内で捕捉したよ！‖78‖	！위험한　적은・・・\n맞기　전에　떨군다！‖7c‖・목표，　사정권\n안에서　포착했어！‖78‖
364	0	192	0x0628	0x0020	0x2DE0	50	참조됨	0x0B48	02 00 26 01 2a 01	멜루아	0x0BCA	01 00 2e 01	['0x012E']	cat0/f0x0020/c2-0x0BCA	A	！危険な敵は・・・\n撃たれる前に落とす！‖7c‖・目標、\n射程圏内で捕捉しました！‖78‖	！위험한　적은・・・\n맞기　전에　떨군다！‖7c‖・목표，　사정권\n안에서　포착했어요！‖78‖
364	0	193	0x0630	0x0020	0x2E12	39	참조됨	0x0B3C	02 00 26 01 28 01	카티아	0x0BCA	01 00 2e 01	['0x012E']	cat0/f0x0020/c2-0x0BCA	A	！[7e]で\n相手をするわ！‖7c‖・気を付けて、[7d]！\n敵の射撃は正確だわ！‖78‖	！[7e]\n（으）로　상대해주지！‖7c‖・조심해，\n[7d]！　적의　사격은\n정확해！‖78‖
364	0	194	0x0638	0x0020	0x2E39	39	참조됨	0x0B42	02 00 26 01 29 01	테니아	0x0BCA	01 00 2e 01	['0x012E']	cat0/f0x0020/c2-0x0BCA	A	！[7e]で\n相手をするわ！‖7c‖・気を付けて、[7d]！\n敵の射撃、正確だよ！‖78‖	！[7e]\n（으）로　상대해주지！‖7c‖・조심해，\n[7d]！　적의　사격，\n정확해！‖78‖
364	0	195	0x0640	0x0020	0x2E60	42	참조됨	0x0B48	02 00 26 01 2a 01	멜루아	0x0BCA	01 00 2e 01	['0x012E']	cat0/f0x0020/c2-0x0BCA	A	！[7e]で\n相手をするわ！‖7c‖・気を付けて、[7d]さん！\n敵の射撃、正確ですよ！‖78‖	！[7e]\n（으）로　상대해주지！‖7c‖・조심해，\n[7d]　씨！　적의\n사격，　정확해요！‖78‖
364	1	0	0x0648	0x0000	0x2E8A	34	참조됨	0x0B3C	02 00 26 01 28 01	카티아	0x0B38	01 00 26 01	['0x0126']	cat1/f0x0000/c2-0x0B38	A	！くっ、しまった！‖7c‖・ダメ、もう持たない！\n[7d]、離脱するわ！‖78‖	！윽，　아차！‖7c‖・안　돼，　더는\n못　버텨！　[7d]，\n이탈한다！‖78‖
364	1	1	0x0650	0x0000	0x2EAC	35	참조됨	0x0B42	02 00 26 01 29 01	테니아	0x0B38	01 00 26 01	['0x0126']	cat1/f0x0000/c2-0x0B38	A	！くっ、しまった！‖7c‖・ダメ、もう持たない！\n[7d]、離脱しなきゃ！‖78‖	！윽，　아차！‖7c‖・안　돼，　더는\n못　버텨！　[7d]，\n이탈해야　해！‖78‖
364	1	2	0x0658	0x0000	0x2ECF	36	참조됨	0x0B48	02 00 26 01 2a 01	멜루아	0x0B38	01 00 26 01	['0x0126']	cat1/f0x0000/c2-0x0B38	A	！くっ、しまった！‖7c‖・ダメ、もう持たない！\n[7d]さん、離脱します！‖78‖	！윽，　아차！‖7c‖・안　돼，　더는\n못　버텨！　[7d]　씨，\n이탈합니다！‖78‖
364	1	3	0x0660	0x0000	0x2EF3	46	참조됨	0x0B3C	02 00 26 01 28 01	카티아	0x0B38	01 00 26 01	['0x0126']	cat1/f0x0000/c2-0x0B38	A	・きゃああああっ！‖7c‖！くっ・・・、直撃！？‖7c‖・ご、ごめんなさい[7d]！\n離脱するわ！‖78‖	・꺄아아아앗！‖7c‖！윽・・・，\n직격！？‖7c‖・미，　미안해\n[7d]！　이탈한다！‖78‖
364	1	4	0x0668	0x0000	0x2F21	43	참조됨	0x0B42	02 00 26 01 29 01	테니아	0x0B38	01 00 26 01	['0x0126']	cat1/f0x0000/c2-0x0B38	A	・きゃああああっ！‖7c‖！くっ・・・、直撃！？‖7c‖・ご、ごめん[7d]！\n離脱するよ！‖78‖	・꺄아아아앗！‖7c‖！윽・・・，\n직격！？‖7c‖・미，　미안\n[7d]！　이탈한다！‖78‖
364	1	5	0x0670	0x0000	0x2F4C	48	참조됨	0x0B48	02 00 26 01 2a 01	멜루아	0x0B38	01 00 26 01	['0x0126']	cat1/f0x0000/c2-0x0B38	A	・きゃああああっ！‖7c‖！くっ・・・、直撃！？‖7c‖・ご、ごめんなさい[7d]さん！\n離脱します！‖78‖	・꺄아아아앗！‖7c‖！윽・・・，\n직격！？‖7c‖・미，　미안해요\n[7d]　씨！\n이탈합니다！‖78‖
364	1	6	0x0678	0x0000	0x2F7C	68	참조됨	0x0B3C	02 00 26 01 28 01	카티아	0x0B38	01 00 26 01	['0x0126']	cat1/f0x0000/c2-0x0B38	A	！く、油断したわ・・・！‖7c‖・ダメだわ、戦闘不能！\n戦線から後退するわ！‖7c‖！ちっ、\n無意味に死ぬよりはマシか！‖78‖	！크，\n방심했어・・・！‖7c‖・안　되겠어，\n전투　불능！　전선에서\n후퇴한다！‖7c‖！칫，\n무의미하게　죽는　것보단\n낫나！‖78‖
364	1	7	0x0680	0x0000	0x2FC0	66	참조됨	0x0B42	02 00 26 01 29 01	테니아	0x0B38	01 00 26 01	['0x0126']	cat1/f0x0000/c2-0x0B38	A	！く、油断したわ・・・！‖7c‖・ダメだよ、戦闘不能！\nもう後退しなきゃ！‖7c‖！ちっ、\n無意味に死ぬよりはマシか！‖78‖	！크，\n방심했어・・・！‖7c‖・안　되겠어，\n전투　불능！　이제　후퇴해야\n해！‖7c‖！칫，\n무의미하게　죽는　것보단\n낫나！‖78‖
364	1	8	0x0688	0x0000	0x3002	68	참조됨	0x0B48	02 00 26 01 2a 01	멜루아	0x0B38	01 00 26 01	['0x0126']	cat1/f0x0000/c2-0x0B38	A	！く、油断したわ・・・！‖7c‖・ダメです、戦闘不能！\n戦線から後退します！‖7c‖！ちっ、\n無意味に死ぬよりはマシか！‖78‖	！크，\n방심했어・・・！‖7c‖・안　되겠어요，\n전투　불능！　전선에서\n후퇴합니다！‖7c‖！칫，\n무의미하게　죽는　것보단\n낫나！‖78‖
364	2	1	0x0698	0x0000	0x305C	48	참조됨	0x0B3C	02 00 26 01 28 01	카티아	0x0B38	01 00 26 01	['0x0126']	cat2/f0x0000/c2-0x0B38	A	！直撃！？\nカティア、動ける！？‖7c‖・な、何とか・・・\nでも危険よ、長くはもたないわ！‖78‖	！직격！？\n카티아，　움직일　수\n있어！？‖7c‖・어，\n어떻게든・・・　하지만　위험해，\n오래는　못　버텨！‖78‖
364	2	2	0x06A0	0x0000	0x308C	47	참조됨	0x0B42	02 00 26 01 29 01	테니아	0x0B38	01 00 26 01	['0x0126']	cat2/f0x0000/c2-0x0B38	A	！直撃！？\nテニア、動ける！？‖7c‖・な、何とか・・・\nでも危ないよ、長くはもたない！‖78‖	！직격！？\n테니아，　움직일　수\n있어！？‖7c‖・어，\n어떻게든・・・　하지만　위험해，\n오래는　못　버텨！‖78‖
364	2	3	0x06A8	0x0000	0x30BB	48	참조됨	0x0B48	02 00 26 01 2a 01	멜루아	0x0B38	01 00 26 01	['0x0126']	cat2/f0x0000/c2-0x0B38	A	！直撃！？\nメルア、動ける！？‖7c‖・な、何とか・・・\nでも危ないです、長くはもちません！‖78‖	！직격！？\n멜루아，　움직일　수\n있어！？‖7c‖・어，어떻게든・・・\n하지만위험해요，　오래는\n못버텨요！‖78‖
364	2	4	0x06B0	0x0000	0x30EB	81	참조됨	0x0B3C	02 00 26 01 28 01	카티아	0x0B38	01 00 26 01	['0x0126']	cat2/f0x0000/c2-0x0B38	A	！く、くそっ！\nカティア、機体の状況！‖7c‖・損傷率８０パーセント、\nオルゴンエクストラクター稼働低下！\nこのままでは危険だわ！‖78‖	！크，　젠장！\n카티아，　기체　상황！‖7c‖・손상률\n８０％，　오르곤　가동\n저하！　이대로는　위험해！‖78‖
364	2	5	0x06B8	0x0000	0x313C	80	참조됨	0x0B42	02 00 26 01 29 01	테니아	0x0B38	01 00 26 01	['0x0126']	cat2/f0x0000/c2-0x0B38	A	！く、くそっ！\nテニア、機体の状況！‖7c‖・損傷率８０パーセント、\nオルゴンエクストラクター稼働低下！\nこのままじゃ危ないよ！‖78‖	！크，　젠장！\n테니아，　기체　상황！‖7c‖・손상률\n８０％，　오르곤　가동\n저하！　이대로는　위험해！‖78‖
364	2	6	0x06C0	0x0000	0x318C	80	참조됨	0x0B48	02 00 26 01 2a 01	멜루아	0x0B38	01 00 26 01	['0x0126']	cat2/f0x0000/c2-0x0B38	A	！く、くそっ！\nメルア、機体の状況！‖7c‖・損傷率８０パーセント、\nオルゴンエクストラクター稼働低下！\nこのままでは危険です！‖78‖	！크，　젠장！\n멜루아，　기체　상황！‖7c‖・손상률８０％，\n오르곤　가동저하！\n이대로는위험합니다！‖78‖
364	2	7	0x06C8	0x0000	0x31DC	69	참조됨	0x0B3C	02 00 26 01 28 01	카티아	0x0B38	01 00 26 01	['0x0126']	cat2/f0x0000/c2-0x0B38	A	！くそっ、もたないのか！？‖7c‖・ま、まだ動けるわ！\nでももう一度もらったら、多分・・・‖7c‖！冗談じゃないわ！\nこんなところで！‖78‖	！젠장，　못\n버티는　건가！？‖7c‖・아，　아직\n움직일　수　있어！　하지만\n한　번　더　맞으면，　아마・・・‖7c‖！웃기지　마！\n이런　데서！‖78‖
364	2	8	0x06D0	0x0000	0x3221	69	참조됨	0x0B42	02 00 26 01 29 01	테니아	0x0B38	01 00 26 01	['0x0126']	cat2/f0x0000/c2-0x0B38	A	！くそっ、もたないのか！？‖7c‖・ま、まだ動けるよ！\nでももう一度もらったら、多分・・・‖7c‖！冗談じゃないわ！\nこんなところで！‖78‖	！젠장，　못\n버티는　건가！？‖7c‖・아，　아직\n움직일　수　있어！　하지만\n한　번　더　맞으면，　아마・・・‖7c‖！웃기지　마！\n이런　데서！‖78‖
364	2	9	0x06D8	0x0000	0x3266	70	참조됨	0x0B48	02 00 26 01 2a 01	멜루아	0x0B38	01 00 26 01	['0x0126']	cat2/f0x0000/c2-0x0B38	A	！くそっ、もたないのか！？‖7c‖・ま、まだ動けます！\nでももう一度来られたら、多分・・・‖7c‖！冗談じゃないわ！\nこんなところで！‖78‖	！젠장，　못\n버티는　건가！？‖7c‖・아，　아직\n움직일　수　있어요！　하지만\n한　번　더　오면，　아마・・・‖7c‖！웃기지　마！\n이런　데서！‖78‖
364	3	2	0x06F0	0x0000	0x32C9	44	참조됨	0x0B3C	02 00 26 01 28 01	카티아	0x0B38	01 00 26 01	['0x0126']	cat3/f0x0000/c2-0x0B38	A	！カティア、被害は！？‖7c‖・出力低下！\nでも、戦闘続行には問題ないわ！‖78‖	！카티아，\n피해는！？‖7c‖・출력　저하！\n하지만，　전투　속행엔\n문제없어！‖78‖
364	3	3	0x06F8	0x0000	0x32F5	44	참조됨	0x0B42	02 00 26 01 29 01	테니아	0x0B38	01 00 26 01	['0x0126']	cat3/f0x0000/c2-0x0B38	A	！テニア、被害は！？‖7c‖・出力低下！\nでも、戦闘続行には問題ないよ！‖78‖	！테니아，\n피해는！？‖7c‖・출력　저하！\n하지만，　전투　속행엔\n문제없어！‖78‖
364	3	4	0x0700	0x0000	0x3321	45	참조됨	0x0B48	02 00 26 01 2a 01	멜루아	0x0B38	01 00 26 01	['0x0126']	cat3/f0x0000/c2-0x0B38	A	！メルア、被害は！？‖7c‖・出力低下！\nでも、戦闘続行には問題ありません！‖78‖	！멜루아，\n피해는！？‖7c‖・출력　저하！\n하지만，　전투　속행엔\n문제없어요！‖78‖
364	3	5	0x0708	0x0000	0x334E	34	참조됨	0x0B3C	02 00 26 01 28 01	카티아	0x0B38	01 00 26 01	['0x0126']	cat3/f0x0000/c2-0x0B38	A	！どうしたのカティア！？\n気を抜かないで！‖7c‖・す、すいません！‖78‖	！왜　그래\n카티아！？　방심하지　마！‖7c‖・죄，\n죄송해요！‖78‖
364	3	6	0x0710	0x0000	0x3370	34	참조됨	0x0B42	02 00 26 01 29 01	테니아	0x0B38	01 00 26 01	['0x0126']	cat3/f0x0000/c2-0x0B38	A	！どうしたのテニア！？\n気を抜かないで！‖7c‖・ご、ごめん！‖78‖	！왜　그래\n테니아！？　방심하지　마！‖7c‖・미，　미안！‖78‖
364	3	7	0x0718	0x0000	0x3392	36	참조됨	0x0B48	02 00 26 01 2a 01	멜루아	0x0B38	01 00 26 01	['0x0126']	cat3/f0x0000/c2-0x0B38	A	！どうしたのメルア！？\n気を抜かないで！‖7c‖・ご、ごめんなさい！‖78‖	！왜　그래\n멜루아！？　방심하지　마！‖7c‖・미，　미안해！‖78‖
364	3	8	0x0720	0x0000	0x33B6	45	참조됨	0x0B3C	02 00 26 01 28 01	카티아	0x0B38	01 00 26 01	['0x0126']	cat3/f0x0000/c2-0x0B38	A	！反応が遅い！\n死にたくなかったら避けなさい！‖7c‖・え、ええ！‖7c‖！頼むわよ！‖78‖	！반응이　느려！\n죽고　싶지　않으면　피해！‖7c‖・으，　응！‖7c‖！부탁해！‖78‖
364	3	9	0x0728	0x0000	0x33E3	45	참조됨	0x0B42	02 00 26 01 29 01	테니아	0x0B38	01 00 26 01	['0x0126']	cat3/f0x0000/c2-0x0B38	A	！反応が遅い！\n死にたくなかったら避けなさい！‖7c‖・う、うん！‖7c‖！頼むわよ！‖78‖	！반응이　느려！\n죽고　싶지　않으면　피해！‖7c‖・으，　응！‖7c‖！부탁해！‖78‖
364	3	10	0x0730	0x0000	0x3410	45	참조됨	0x0B48	02 00 26 01 2a 01	멜루아	0x0B38	01 00 26 01	['0x0126']	cat3/f0x0000/c2-0x0B38	A	！反応が遅い！\n死にたくなかったら避けなさい！‖7c‖・は、はい！‖7c‖！頼むわよ！‖78‖	！반응이　느려！\n죽고　싶지　않으면　피해！‖7c‖・네，　네！‖7c‖！부탁해！‖78‖
364	4	3	0x0750	0x0000	0x3462	47	참조됨	0x0B3C	02 00 26 01 28 01	카티아	0x0B38	01 00 26 01	['0x0126']	cat4/f0x0000/c2-0x0B38	A	・損傷軽微、\n行動に支障ないわ！‖7c‖！了解よ！\n倍にして返してあげる！‖78‖	・손상　경미，\n행동에　지장　없어！‖7c‖！알겠어！　배로\n갚아주겠어！‖78‖
364	4	4	0x0758	0x0000	0x3491	47	참조됨	0x0B42	02 00 26 01 29 01	테니아	0x0B38	01 00 26 01	['0x0126']	cat4/f0x0000/c2-0x0B38	A	・損傷軽微、\n行動に支障ないよ！‖7c‖！了解よ！\n倍にして返してあげる！‖78‖	・손상　경미，\n행동에　지장　없어！‖7c‖！알겠어！　배로\n갚아주겠어！‖78‖
364	4	5	0x0760	0x0000	0x34C0	49	참조됨	0x0B48	02 00 26 01 2a 01	멜루아	0x0B38	01 00 26 01	['0x0126']	cat4/f0x0000/c2-0x0B38	A	・損傷軽微、\n行動に支障ありません！‖7c‖！了解よ！\n倍にして返してあげる！‖78‖	・손상　경미，\n행동에　지장　없어요！‖7c‖！알겠어！　배로\n갚아주겠어！‖78‖
364	4	6	0x0768	0x0000	0x34F1	29	참조됨	0x0B3C	02 00 26 01 28 01	카티아	0x0B38	01 00 26 01	['0x0126']	cat4/f0x0000/c2-0x0B38	A	！当たった？‖7c‖・効かないわ！\nこの[7e]に\nそんな攻撃！‖78‖	！맞았어？‖7c‖・안　통해！　이\n[7e]에게　그딴\n공격！‖78‖
364	4	7	0x0770	0x0000	0x350E	29	참조됨	0x0B42	02 00 26 01 29 01	테니아	0x0B38	01 00 26 01	['0x0126']	cat4/f0x0000/c2-0x0B38	A	！当たった？‖7c‖・効かないよ！\nこの[7e]に\nそんな攻撃！‖78‖	！맞았어？‖7c‖・안　통해！　이\n[7e]에게　그딴\n공격！‖78‖
364	4	8	0x0778	0x0000	0x352B	29	참조됨	0x0B48	02 00 26 01 2a 01	멜루아	0x0B38	01 00 26 01	['0x0126']	cat4/f0x0000/c2-0x0B38	A	！当たった？‖7c‖・効きません！\nこの[7e]に\nそんな攻撃！‖78‖	！맞았어？‖7c‖・안　통해요！\n이　[7e]에게　그딴\n공격！‖78‖
364	5	1	0x0788	0x0000	0x3553	18	참조됨	0x0BCE	01 00 28 01	카티아	0x0B38	01 00 26 01	['0x0126']	cat5/f0x0000/c2-0x0B38	A	！当たるものですか！　ええいっ！‖78‖	！맞을　줄\n알고！　에잇！‖78‖
364	5	2	0x0790	0x0000	0x3565	16	참조됨	0x0BD2	01 00 29 01	테니아	0x0B38	01 00 26 01	['0x0126']	cat5/f0x0000/c2-0x0B38	A	！当たるもんか！　ええいっ！‖78‖	！맞을　줄\n아냐！　에잇！‖78‖
364	5	3	0x0798	0x0000	0x3575	18	참조됨	0x0BD6	01 00 2a 01	멜루아	0x0B38	01 00 26 01	['0x0126']	cat5/f0x0000/c2-0x0B38	A	！当たるもんですか！　ええいっ！‖78‖	！맞을　줄\n알고！　에잇！‖78‖
364	5	4	0x07A0	0x0000	0x3587	10	참조됨	0x0BCE	01 00 28 01	카티아	0x0B38	01 00 26 01	['0x0126']	cat5/f0x0000/c2-0x0B38	A	！当たらないわ！‖78‖	！안　맞아！‖78‖
364	5	5	0x07A8	0x0000	0x3591	10	참조됨	0x0BD2	01 00 29 01	테니아	0x0B38	01 00 26 01	['0x0126']	cat5/f0x0000/c2-0x0B38	A	！当たらないよ！‖78‖	！안　맞아！‖78‖
364	5	6	0x07B0	0x0000	0x359B	11	참조됨	0x0BD6	01 00 2a 01	멜루아	0x0B38	01 00 26 01	['0x0126']	cat5/f0x0000/c2-0x0B38	A	！当たらないです！‖78‖	！안　맞아요！‖78‖
364	5	7	0x07B8	0x0000	0x35A6	12	참조됨	0x0BCE	01 00 28 01	카티아	0x0B38	01 00 26 01	['0x0126']	cat5/f0x0000/c2-0x0B38	A	！こ、こんなものなら！‖78‖	！이，　이\n정도라면！‖78‖
364	5	8	0x07C0	0x0000	0x35B2	10	참조됨	0x0BD2	01 00 29 01	테니아	0x0B38	01 00 26 01	['0x0126']	cat5/f0x0000/c2-0x0B38	A	！こ、こんなもん！‖78‖	！이，　이깟\n것！‖78‖
364	5	9	0x07C8	0x0000	0x35BC	12	참조됨	0x0BD6	01 00 2a 01	멜루아	0x0B38	01 00 26 01	['0x0126']	cat5/f0x0000/c2-0x0B38	A	！こ、このくらいなら！‖78‖	！이，　이\n정도라면！‖78‖
364	5	10	0x07D0	0x0000	0x35C8	11	참조됨	0x0BCE	01 00 28 01	카티아	0x0B38	01 00 26 01	['0x0126']	cat5/f0x0000/c2-0x0B38	A	！外れてくれたわ！‖78‖	！빗나가줬어！‖78‖
364	5	11	0x07D8	0x0000	0x35D3	11	참조됨	0x0BD2	01 00 29 01	테니아	0x0B38	01 00 26 01	['0x0126']	cat5/f0x0000/c2-0x0B38	A	！外れてくれたよ！‖78‖	！빗나가줬어！‖78‖
364	5	12	0x07E0	0x0000	0x35DE	15	참조됨	0x0BD6	01 00 2a 01	멜루아	0x0B38	01 00 26 01	['0x0126']	cat5/f0x0000/c2-0x0B38	A	！外れてくれたみたいです！‖78‖	！빗나가준\n모양이에요！‖78‖
364	5	13	0x07E8	0x0000	0x35ED	25	참조됨	0x0BCE	01 00 28 01	카티아	0x0B38	01 00 26 01	['0x0126']	cat5/f0x0000/c2-0x0B38	A	！こんなところで、\nやられるわけにはいかないわ！‖78‖	！이런　데서，\n당할　순　없어！‖78‖
364	5	14	0x07F0	0x0000	0x3606	25	참조됨	0x0BD2	01 00 29 01	테니아	0x0B38	01 00 26 01	['0x0126']	cat5/f0x0000/c2-0x0B38	A	！こんなところで、\nやられるわけにはいかないよ！‖78‖	！이런　데서，\n당할　순　없어！‖78‖
364	5	15	0x07F8	0x0000	0x361F	25	참조됨	0x0BD6	01 00 2a 01	멜루아	0x0B38	01 00 26 01	['0x0126']	cat5/f0x0000/c2-0x0B38	A	！こんなところで、\nやられるわけにはいきません！‖78‖	！이런　데서，\n당할　순　없습니다！‖78‖
364	5	16	0x0800	0x0000	0x3638	19	참조됨	0x0B3C	02 00 26 01 28 01	카티아	0x0B38	01 00 26 01	['0x0126']	cat5/f0x0000/c2-0x0B38	A	！かわしなさい、カティア！‖7c‖・ええ！‖78‖	！피해라，\n카티아！‖7c‖・응！‖78‖
364	5	17	0x0808	0x0000	0x364B	19	참조됨	0x0B42	02 00 26 01 29 01	테니아	0x0B38	01 00 26 01	['0x0126']	cat5/f0x0000/c2-0x0B38	A	！かわしなさい、テニア！‖7c‖・うん！‖78‖	！피해라，\n테니아！‖7c‖・응！‖78‖
364	5	18	0x0810	0x0000	0x365E	18	참조됨	0x0B48	02 00 26 01 2a 01	멜루아	0x0B38	01 00 26 01	['0x0126']	cat5/f0x0000/c2-0x0B38	A	！かわしなさい、メルア！‖7c‖・はい！‖78‖	！피해라，\n멜루아！‖7c‖・네！‖78‖
364	5	19	0x0818	0x0000	0x3670	17	참조됨	0x0B3C	02 00 26 01 28 01	카티아	0x0B38	01 00 26 01	['0x0126']	cat5/f0x0000/c2-0x0B38	A	・回避するわ！‖7c‖！お願い！‖78‖	・회피한다！‖7c‖！부탁이야！‖78‖
364	5	20	0x0820	0x0000	0x3681	17	참조됨	0x0B42	02 00 26 01 29 01	테니아	0x0B38	01 00 26 01	['0x0126']	cat5/f0x0000/c2-0x0B38	A	・回避するよ！‖7c‖！お願い！‖78‖	・회피한다！‖7c‖！부탁이야！‖78‖
364	5	21	0x0828	0x0000	0x3692	17	참조됨	0x0B48	02 00 26 01 2a 01	멜루아	0x0B38	01 00 26 01	['0x0126']	cat5/f0x0000/c2-0x0B38	A	・回避します！‖7c‖！お願い！‖78‖	・회피합니다！‖7c‖！부탁이야！‖78‖
364	5	22	0x0830	0x0000	0x36A3	19	참조됨	0x0B3C	02 00 26 01 28 01	카티아	0x0B38	01 00 26 01	['0x0126']	cat5/f0x0000/c2-0x0B38	A	！来るわよカティア！‖7c‖・任せて！‖78‖	！온다　카티아！‖7c‖・맡겨！‖78‖
364	5	23	0x0838	0x0000	0x36B6	20	참조됨	0x0B42	02 00 26 01 29 01	테니아	0x0B38	01 00 26 01	['0x0126']	cat5/f0x0000/c2-0x0B38	A	！来るわよテニア！‖7c‖・任せてよ！‖78‖	！온다　테니아！‖7c‖・맡겨！‖78‖
364	5	24	0x0840	0x0000	0x36CA	22	참조됨	0x0B48	02 00 26 01 2a 01	멜루아	0x0B38	01 00 26 01	['0x0126']	cat5/f0x0000/c2-0x0B38	A	！来るわよメルア！‖7c‖・任せてください！‖78‖	！온다　멜루아！‖7c‖・맡겨주세요！‖78‖
364	5	25	0x0848	0x0000	0x36E0	46	참조됨	0x0B3C	02 00 26 01 28 01	카티아	0x0B38	01 00 26 01	['0x0126']	cat5/f0x0000/c2-0x0B38	A	・予想通りの動きだわ！‖7c‖！見えてるわね、カティア！\n次も頼むわよ！‖7c‖・ええ！‖78‖	・예상대로의\n움직임이야！‖7c‖！보이지，\n카티아！　다음도　부탁해！‖7c‖・응！‖78‖
364	5	26	0x0850	0x0000	0x370E	46	참조됨	0x0B42	02 00 26 01 29 01	테니아	0x0B38	01 00 26 01	['0x0126']	cat5/f0x0000/c2-0x0B38	A	・予想通りの動きだね！‖7c‖！見えてるわね、テニア！\n次も頼むわよ！‖7c‖・うん！‖78‖	・예상대로의\n움직임이네！‖7c‖！보이지，\n테니아！　다음도　부탁해！‖7c‖・응！‖78‖
364	5	27	0x0858	0x0000	0x373C	45	참조됨	0x0B48	02 00 26 01 2a 01	멜루아	0x0B38	01 00 26 01	['0x0126']	cat5/f0x0000/c2-0x0B38	A	・思った通りの動きです！‖7c‖！見えてるわね、メルア！\n次も頼むわよ！‖7c‖・はい！‖78‖	・생각대로의\n움직임이에요！‖7c‖！보이지，\n멜루아！　다음도　부탁해！‖7c‖・네！‖78‖
364	5	28	0x0860	0x0000	0x3769	21	참조됨	0x0B3C	02 00 26 01 28 01	카티아	0x0B38	01 00 26 01	['0x0126']	cat5/f0x0000/c2-0x0B38	A	！任せたわよ、カティア！‖7c‖・了解！‖78‖	！맡겼어，\n카티아！‖7c‖・알겠습니다！‖78‖
364	5	29	0x0868	0x0000	0x377E	21	참조됨	0x0B42	02 00 26 01 29 01	테니아	0x0B38	01 00 26 01	['0x0126']	cat5/f0x0000/c2-0x0B38	A	！任せたわよ、テニア！‖7c‖・ＯＫ！‖78‖	！맡겼어，\n테니아！‖7c‖・ＯＫ！‖78‖
364	5	30	0x0870	0x0000	0x3793	22	참조됨	0x0B48	02 00 26 01 2a 01	멜루아	0x0B38	01 00 26 01	['0x0126']	cat5/f0x0000/c2-0x0B38	A	！任せたわよ、メルア！‖7c‖・了解です！‖78‖	！맡겼어，\n멜루아！‖7c‖・알겠습니다！‖78‖
364	5	31	0x0878	0x0000	0x37A9	38	참조됨	0x0B3C	02 00 26 01 28 01	카티아	0x0B38	01 00 26 01	['0x0126']	cat5/f0x0000/c2-0x0B38	A	・か、かわせたの？‖7c‖！カティア！\n回避したら次に備える！‖7c‖・ええ！‖78‖	・피，　피한\n거야？‖7c‖！카티아！\n회피하면　다음을\n대비한다！‖7c‖・응！‖78‖
364	5	32	0x0880	0x0000	0x37CF	38	참조됨	0x0B42	02 00 26 01 29 01	테니아	0x0B38	01 00 26 01	['0x0126']	cat5/f0x0000/c2-0x0B38	A	・か、かわせたの？‖7c‖！テニア！\n回避したら次に備える！‖7c‖・うん！‖78‖	・피，　피한\n거야？‖7c‖！테니아！\n회피하면　다음을\n대비한다！‖7c‖・응！‖78‖
364	5	33	0x0888	0x0000	0x37F5	37	참조됨	0x0B48	02 00 26 01 2a 01	멜루아	0x0B38	01 00 26 01	['0x0126']	cat5/f0x0000/c2-0x0B38	A	・か、かわせたの？‖7c‖！メルア！\n回避したら次に備える！‖7c‖・はい！‖78‖	・피，　피한\n거야？‖7c‖！멜루아！\n회피하면　다음을\n대비한다！‖7c‖・네！‖78‖
364	6	2	0x08A0	0x0000	0x382F	21	참조됨	0x0BCE	01 00 28 01	카티아	0x0B38	01 00 26 01	['0x0126']	cat6/f0x0000/c2-0x0B38	A	！この子にそんな攻撃、\n効かないわ！‖78‖	！이　아이한테\n그딴　공격，　안　통해！‖78‖
364	6	3	0x08A8	0x0000	0x3844	41	참조됨	0x0B3C	02 00 26 01 28 01	카티아	0x0B38	01 00 26 01	['0x0126']	cat6/f0x0000/c2-0x0B38	A	！来るわよカティア！‖7c‖・オルゴンクラウド全開、\n攻撃を中和するわ！‖78‖	！온다　카티아！‖7c‖・오르곤\n클라우드　전개，　공격을\n중화한다！‖78‖
364	6	4	0x08B0	0x0000	0x386D	29	참조됨	0x0B3C	02 00 26 01 28 01	카티아	0x0B38	01 00 26 01	['0x0126']	cat6/f0x0000/c2-0x0B38	A	！当たったの？‖7c‖・心配しないで[7d]！\n今の[7e]なら！‖78‖	！맞았어？‖7c‖・걱정　마\n[7d]！　지금의\n[7e]라면！‖78‖
364	6	5	0x08B8	0x0000	0x388A	21	참조됨	0x0BD2	01 00 29 01	테니아	0x0B38	01 00 26 01	['0x0126']	cat6/f0x0000/c2-0x0B38	A	！この子にそんな攻撃、\n効かないよ！‖78‖	！이　아이한테\n그딴　공격，　안　통해！‖78‖
364	6	6	0x08C0	0x0000	0x389F	42	참조됨	0x0B42	02 00 26 01 29 01	테니아	0x0B38	01 00 26 01	['0x0126']	cat6/f0x0000/c2-0x0B38	A	！来るわよテニア！‖7c‖・オルゴンクラウド全開、\n攻撃を中和するよっ！‖78‖	！온다　테니아！‖7c‖・오르곤\n클라우드　전개，　공격을\n중화한다！‖78‖
364	6	7	0x08C8	0x0000	0x38C9	29	참조됨	0x0B42	02 00 26 01 29 01	테니아	0x0B38	01 00 26 01	['0x0126']	cat6/f0x0000/c2-0x0B38	A	！当たったの？‖7c‖・大丈夫だよ[7d]！\n今の[7e]なら！‖78‖	！맞았어？‖7c‖・괜찮아\n[7d]！　지금의\n[7e]라면！‖78‖
364	6	8	0x08D0	0x0000	0x38E6	22	참조됨	0x0BD6	01 00 2a 01	멜루아	0x0B38	01 00 26 01	['0x0126']	cat6/f0x0000/c2-0x0B38	A	！この子にそんな攻撃、\n効かないです！‖78‖	！이　아이한테\n그딴　공격，　안\n통합니다！‖78‖
364	6	9	0x08D8	0x0000	0x38FC	40	참조됨	0x0B48	02 00 26 01 2a 01	멜루아	0x0B38	01 00 26 01	['0x0126']	cat6/f0x0000/c2-0x0B38	A	！来るわよメルア！‖7c‖・オルゴンクラウド全開、\n攻撃を中和します！‖78‖	！온다　멜루아！‖7c‖・오르곤\n클라우드　전개，　공격을\n중화합니다！‖78‖
364	6	10	0x08E0	0x0000	0x3924	31	참조됨	0x0B48	02 00 26 01 2a 01	멜루아	0x0B38	01 00 26 01	['0x0126']	cat6/f0x0000/c2-0x0B38	A	！当たったの？‖7c‖・大丈夫です[7d]さん！\n今の[7e]なら！‖78‖	！맞았어？‖7c‖・괜찮아요\n[7d]　씨！　지금의\n[7e]라면！‖78‖
364	7	0	0x08E8	0x0000	0x3943	59	참조됨	0x0B3C	02 00 26 01 28 01	카티아	0x0B38	01 00 26 01	['0x0126']	cat7/f0x0000/c2-0x0B38	A	！くそっ、使いすぎたか？\n敵もここまで粘ってくれるとはね！‖7c‖・このままじゃ\n攻撃できないわ、何とかしないと！‖78‖	！젠장，　너무\n썼나？　적도　여기까지\n버텨주다니！‖7c‖・이대로는　공격\n못　해，　어떻게든　해야\n해！‖78‖
364	7	1	0x08F0	0x0000	0x397E	59	참조됨	0x0B42	02 00 26 01 29 01	테니아	0x0B38	01 00 26 01	['0x0126']	cat7/f0x0000/c2-0x0B38	A	！くそっ、使いすぎたか？\n敵もここまで粘ってくれるとはね！‖7c‖・このままじゃ\n攻撃できないよ、何とかしないと！‖78‖	！젠장，　너무\n썼나？　적도　여기까지\n버텨주다니！‖7c‖・이대로는　공격\n못　해，　어떻게든　해야\n해！‖78‖
364	7	2	0x08F8	0x0000	0x39B9	60	참조됨	0x0B48	02 00 26 01 2a 01	멜루아	0x0B38	01 00 26 01	['0x0126']	cat7/f0x0000/c2-0x0B38	A	！くそっ、使いすぎたか？\n敵もここまで粘ってくれるとはね！‖7c‖・このままじゃ\n攻撃できないです、何とかしないと！‖78‖	！젠장，　너무\n썼나？　적도　여기까지\n버텨주다니！‖7c‖・이대로는　공격\n못　해요，　어떻게든　해야\n해요！‖78‖
364	8	0	0x0900	0x0000	0x39F5	42	참조됨	0x0B3C	02 00 26 01 28 01	카티아	0x0B38	01 00 26 01	['0x0126']	cat8/f0x0000/c2-0x0B38	A	・ダメだわ、ここからじゃ・・・‖7c‖！ちっ・・・\nこればっかりはどうしようもないわね！‖78‖	・안　되겠어，\n여기서는・・・‖7c‖！칫・・・　이것만은\n어쩔　도리가　없네！‖78‖
364	8	1	0x0908	0x0000	0x3A1F	41	참조됨	0x0B42	02 00 26 01 29 01	테니아	0x0B38	01 00 26 01	['0x0126']	cat8/f0x0000/c2-0x0B38	A	・ダメだよ、ここからじゃ・・・‖7c‖！ちっ・・・\nこればっかりはどうしようもないわね‖78‖	・안　되겠어，\n여기서는・・・‖7c‖！칫・・・　이것만은\n어쩔　도리가　없네‖78‖
364	8	2	0x0910	0x0000	0x3A48	41	참조됨	0x0B48	02 00 26 01 2a 01	멜루아	0x0B38	01 00 26 01	['0x0126']	cat8/f0x0000/c2-0x0B38	A	・ダメです、ここからじゃ・・・‖7c‖！ちっ・・・\nこればっかりはどうしようもないわね‖78‖	・안　되겠어요，\n여기서는・・・‖7c‖！칫・・・　이것만은\n어쩔　도리가　없네‖78‖
364	9	2	0x0928	0x0000	0x3A8F	20	참조됨	0x0B3C	02 00 26 01 28 01	카티아	0x0B38	01 00 26 01	['0x0126']	cat9/f0x0000/c2-0x0B38	A	！カティアっ！‖7c‖・ええ、わかってるわ！‖78‖	！카티아！‖7c‖・응，　알고\n있어！‖78‖
364	9	3	0x0930	0x0000	0x3AA3	23	참조됨	0x0B3C	02 00 26 01 28 01	카티아	0x0B38	01 00 26 01	['0x0126']	cat9/f0x0000/c2-0x0B38	A	・[7d]、私達も！‖7c‖！ええ、続けて行くわよ！‖78‖	・[7d]，\n우리도！‖7c‖！그래，　계속\n간다！‖78‖
364	9	4	0x0938	0x0000	0x3ABA	18	참조됨	0x0B3C	02 00 26 01 28 01	카티아	0x0B38	01 00 26 01	['0x0126']	cat9/f0x0000/c2-0x0B38	A	！後は任せなさい！‖7c‖・行くわ！‖78‖	！나머지는\n맡겨라！‖7c‖・간다！‖78‖
364	9	5	0x0940	0x0000	0x3ACC	19	참조됨	0x0B42	02 00 26 01 29 01	테니아	0x0B38	01 00 26 01	['0x0126']	cat9/f0x0000/c2-0x0B38	A	！テニアっ！‖7c‖・うん、わかってる！‖78‖	！테니아！‖7c‖・응，　알고\n있어！‖78‖
364	9	6	0x0948	0x0000	0x3ADF	25	참조됨	0x0B42	02 00 26 01 29 01	테니아	0x0B38	01 00 26 01	['0x0126']	cat9/f0x0000/c2-0x0B38	A	・[7d]、アタシ達も！‖7c‖！ええ、続けて行くわよ！‖78‖	・[7d]，\n우리도！‖7c‖！그래，　계속\n간다！‖78‖
364	9	7	0x0950	0x0000	0x3AF8	20	참조됨	0x0B42	02 00 26 01 29 01	테니아	0x0B38	01 00 26 01	['0x0126']	cat9/f0x0000/c2-0x0B38	A	！後は任せなさい！‖7c‖・行くよーっ！‖78‖	！나머지는\n맡겨라！‖7c‖・간다아！‖78‖
364	9	8	0x0958	0x0000	0x3B0C	19	참조됨	0x0B48	02 00 26 01 2a 01	멜루아	0x0B38	01 00 26 01	['0x0126']	cat9/f0x0000/c2-0x0B38	A	！メルアっ！‖7c‖・はい、わかってます！‖78‖	！멜루아！‖7c‖・네，　알고\n있어요！‖78‖
364	9	9	0x0960	0x0000	0x3B1F	25	참조됨	0x0B48	02 00 26 01 2a 01	멜루아	0x0B38	01 00 26 01	['0x0126']	cat9/f0x0000/c2-0x0B38	A	・[7d]さん、私達も！‖7c‖！ええ、続けて行くわよ！‖78‖	・[7d]\n씨，　우리도！‖7c‖！그래，　계속\n간다！‖78‖
364	9	10	0x0968	0x0000	0x3B38	19	참조됨	0x0B48	02 00 26 01 2a 01	멜루아	0x0B38	01 00 26 01	['0x0126']	cat9/f0x0000/c2-0x0B38	A	！後は任せなさい！‖7c‖・行きます！‖78‖	！나머지는\n맡겨라！‖7c‖・갑니다！‖78‖
364	9	11	0x0970	0x0020	0x3B4B	28	참조됨	0x0B3C	02 00 26 01 28 01	카티아	0x0BDA	02 00 25 00 26 00	['0x0025', '0x0026']	cat9/f0x0020/c2-0x0BDA	A	！体勢が崩れた！\nキラの後に続く！‖7c‖・ええ！‖78‖	！자세가\n무너졌다！　키라　뒤를\n따른다！‖7c‖・응！‖78‖
364	9	12	0x0978	0x0020	0x3B67	28	참조됨	0x0B42	02 00 26 01 29 01	테니아	0x0BDA	02 00 25 00 26 00	['0x0025', '0x0026']	cat9/f0x0020/c2-0x0BDA	A	！体勢が崩れた！\nキラの後に続く！‖7c‖・うん！‖78‖	！자세가\n무너졌다！　키라　뒤를\n따른다！‖7c‖・응！‖78‖
364	9	13	0x0980	0x0020	0x3B83	28	참조됨	0x0B48	02 00 26 01 2a 01	멜루아	0x0BDA	02 00 25 00 26 00	['0x0025', '0x0026']	cat9/f0x0020/c2-0x0BDA	A	！体勢が崩れた！\nキラの後に続く！‖7c‖・はい！‖78‖	！자세가\n무너졌다！　키라　뒤를\n따른다！‖7c‖・네！‖78‖
364	9	14	0x0988	0x0020	0x3B9F	44	참조됨	0x0B3C	02 00 26 01 28 01	카티아	0x0BE0	03 00 ad 00 ae 00 b6 00	['0x00AD', '0x00AE', '0x00B6']	cat9/f0x0020/c2-0x0BE0	A	！テッカマンの動きに\n気を取られてると・・・‖7c‖・こっちからも攻撃が\n来るわよ！‖78‖	！테카맨의\n움직임에　정신　팔려\n있으면・・・‖7c‖・이쪽에서도\n공격이　날아온다！‖78‖
364	9	15	0x0990	0x0020	0x3BCB	46	참조됨	0x0B42	02 00 26 01 29 01	테니아	0x0BE0	03 00 ad 00 ae 00 b6 00	['0x00AD', '0x00AE', '0x00B6']	cat9/f0x0020/c2-0x0BE0	A	！テッカマンの動きに\n気を取られてると・・・‖7c‖・こっちからも攻撃が\n来るんだから！‖78‖	！테카맨의\n움직임에　정신　팔려\n있으면・・・‖7c‖・이쪽에서도\n공격이　날아온다니까！‖78‖
364	9	16	0x0998	0x0020	0x3BF9	44	참조됨	0x0B48	02 00 26 01 2a 01	멜루아	0x0BE0	03 00 ad 00 ae 00 b6 00	['0x00AD', '0x00AE', '0x00B6']	cat9/f0x0020/c2-0x0BE0	A	！テッカマンの動きに\n気を取られてると・・・‖7c‖・こっちからも攻撃が\n来ますよ！‖78‖	！테카맨의\n움직임에　정신　팔려\n있으면・・・‖7c‖・이쪽에서도\n공격이　날아와요！‖78‖
364	9	17	0x09A0	0x0020	0x3C25	35	참조됨	0x0B3C	02 00 26 01 28 01	카티아	0x0BE8	01 00 8b 00	['0x008B']	cat9/f0x0020/c2-0x0BE8	A	！ここにいるのは\nエステだけじゃないっ！‖7c‖・次は私達の番よ！‖78‖	！여기　있는　건\n에스테뿐만이　아니야！‖7c‖・다음은　우리\n차례야！‖78‖
364	9	18	0x09A8	0x0020	0x3C48	38	참조됨	0x0B42	02 00 26 01 29 01	테니아	0x0BE8	01 00 8b 00	['0x008B']	cat9/f0x0020/c2-0x0BE8	A	！ここにいるのは\nエステだけじゃないっ！‖7c‖・次はアタシ達の番だよ！‖78‖	！여기　있는　건\n에스테뿐만이　아니야！‖7c‖・다음은　우리\n차례야！‖78‖
364	9	19	0x09B0	0x0020	0x3C6E	36	참조됨	0x0B48	02 00 26 01 2a 01	멜루아	0x0BE8	01 00 8b 00	['0x008B']	cat9/f0x0020/c2-0x0BE8	A	！ここにいるのは\nエステだけじゃないっ！‖7c‖・次は私達の番です！‖78‖	！여기　있는　건\n에스테뿐만이　아니야！‖7c‖・다음은　우리\n차례예요！‖78‖
364	9	20	0x09B8	0x0020	0x3C92	41	참조됨	0x0B3C	02 00 26 01 28 01	카티아	0x0BEC	01 00 6a 00	['0x006A']	cat9/f0x0020/c2-0x0BEC	A	！ブレンの動き、\n利用させてもらう！‖7c‖・照準完了！　今よ！\n[7d]！‖78‖	！브레인의\n움직임，　이용하게\n해주마！‖7c‖・조준　완료！\n지금이야！　[7d]！‖78‖
364	9	21	0x09C0	0x0020	0x3CBB	41	참조됨	0x0B42	02 00 26 01 29 01	테니아	0x0BEC	01 00 6a 00	['0x006A']	cat9/f0x0020/c2-0x0BEC	A	！ブレンの動き、\n利用させてもらう！‖7c‖・照準完了！　今だ！\n[7d]！‖78‖	！브레인의\n움직임，　이용하게\n해주마！‖7c‖・조준　완료！\n지금이다！　[7d]！‖78‖
364	9	22	0x09C8	0x0020	0x3CE4	42	참조됨	0x0B48	02 00 26 01 2a 01	멜루아	0x0BEC	01 00 6a 00	['0x006A']	cat9/f0x0020/c2-0x0BEC	A	！ブレンの動き、\n利用させてもらう！‖7c‖・照準完了！　今です！\n[7d]！‖78‖	！브레인의\n움직임，　이용하게\n해주마！‖7c‖・조준　완료！\n지금이에요！　[7d]！‖78‖
364	9	23	0x09D0	0x0020	0x3D0E	37	참조됨	0x0B3C	02 00 26 01 28 01	카티아	0x0BF0	03 00 00 00 01 00 02 00	['0x0000', '0x0001', '0x0002']	cat9/f0x0020/c2-0x0BF0	A	・援護するわ、ドモンさん！‖7c‖！同じ箇所を叩く、\n行くわよ！‖78‖	・원호할게，\n도몬　씨！‖7c‖！같은　곳을\n친다，　간다！‖78‖
364	9	24	0x09D8	0x0020	0x3D33	35	참조됨	0x0B42	02 00 26 01 29 01	테니아	0x0BF0	03 00 00 00 01 00 02 00	['0x0000', '0x0001', '0x0002']	cat9/f0x0020/c2-0x0BF0	A	・援護するよ、ドモン！‖7c‖！同じ箇所を叩く、\n行くわよ！‖78‖	・원호할게，\n도몬！‖7c‖！같은　곳을\n친다，　간다！‖78‖
364	9	25	0x09E0	0x0020	0x3D56	37	참조됨	0x0B48	02 00 26 01 2a 01	멜루아	0x0BF0	03 00 00 00 01 00 02 00	['0x0000', '0x0001', '0x0002']	cat9/f0x0020/c2-0x0BF0	A	・援護します、ドモンさん！‖7c‖！同じ箇所を叩く、\n行くわよ！‖78‖	・원호합니다，\n도몬　씨！‖7c‖！같은　곳을\n친다，　간다！‖78‖
364	9	26	0x09E8	0x0020	0x3D7B	28	참조됨	0x0B3C	02 00 26 01 28 01	카티아	0x0BF8	01 00 53 00	['0x0053']	cat9/f0x0020/c2-0x0BF8	A	・後は任せて、エイジさん！‖7c‖！この隙を突く！‖78‖	・나머진　맡겨，\n에이지　씨！‖7c‖！이　틈을\n찌른다！‖78‖
364	9	27	0x09F0	0x0020	0x3D97	27	참조됨	0x0B42	02 00 26 01 29 01	테니아	0x0BF8	01 00 53 00	['0x0053']	cat9/f0x0020/c2-0x0BF8	A	・後は任せてよ、エイジ！‖7c‖！この隙を突く！‖78‖	・나머진　맡겨，\n에이지！‖7c‖！이　틈을\n찌른다！‖78‖
364	9	28	0x09F8	0x0020	0x3DB2	32	참조됨	0x0B48	02 00 26 01 2a 01	멜루아	0x0BF8	01 00 53 00	['0x0053']	cat9/f0x0020/c2-0x0BF8	A	・後は任せてください、エイジさん！‖7c‖！この隙を突く！‖78‖	・나머진\n맡겨주세요，　에이지　씨！‖7c‖！이　틈을\n찌른다！‖78‖
364	9	29	0x0A00	0x0040	0x3DD2	43	참조됨	0x0B3C	02 00 26 01 28 01	카티아	0x0BFC	02 00 0b 01 0c 01	['0x010B', '0x010C']	cat9/f0x0040/c2-0x0BFC	A	・[7d]、\nダンクーガに続くわ！‖7c‖！了解・・・\nとどめはこっちで刺してあげるわ‖78‖	・[7d]，\n단쿠가에　이어서　간다！‖7c‖！알겠어・・・\n끝장은　이쪽에서　내주겠어‖78‖
364	9	30	0x0A08	0x0040	0x3DFD	43	참조됨	0x0B42	02 00 26 01 29 01	테니아	0x0BFC	02 00 0b 01 0c 01	['0x010B', '0x010C']	cat9/f0x0040/c2-0x0BFC	A	・[7d]、\nダンクーガに続くよ！‖7c‖！了解・・・\nとどめはこっちで刺してあげるわ‖78‖	・[7d]，\n단쿠가에　이어서　간다！‖7c‖！알겠어・・・\n끝장은　이쪽에서　내주겠어‖78‖
364	9	31	0x0A10	0x0040	0x3E28	46	참조됨	0x0B48	02 00 26 01 2a 01	멜루아	0x0BFC	02 00 0b 01 0c 01	['0x010B', '0x010C']	cat9/f0x0040/c2-0x0BFC	A	・[7d]さん、\nダンクーガに続きます！‖7c‖！了解・・・\nとどめはこっちで刺してあげるわ‖78‖	・[7d]\n씨，　단쿠가에　이어서\n갑니다！‖7c‖！알겠어・・・\n끝장은　이쪽에서　내주겠어‖78‖
364	9	32	0x0A18	0x0020	0x3E56	32	참조됨	0x0B3C	02 00 26 01 28 01	카티아	0x0C02	01 00 c9 00	['0x00C9']	cat9/f0x0020/c2-0x0C02	A	！サガラ軍曹、\nフォーメーションを組め！‖7c‖・行くわよ！‖78‖	！사가라　중사，\n포메이션을　짜라！‖7c‖・간다！‖78‖
364	9	33	0x0A20	0x0020	0x3E76	31	참조됨	0x0B42	02 00 26 01 29 01	테니아	0x0C02	01 00 c9 00	['0x00C9']	cat9/f0x0020/c2-0x0C02	A	！サガラ軍曹、\nフォーメーションを組め！‖7c‖・行くよ！‖78‖	！사가라　중사，\n포메이션을　짜라！‖7c‖・간다！‖78‖
364	9	34	0x0A28	0x0020	0x3E95	32	참조됨	0x0B48	02 00 26 01 2a 01	멜루아	0x0C02	01 00 c9 00	['0x00C9']	cat9/f0x0020/c2-0x0C02	A	！サガラ軍曹、\nフォーメーションを組め！‖7c‖・行きます！‖78‖	！사가라　중사，\n포메이션을　짜라！‖7c‖・갑니다！‖78‖
364	9	35	0x0A30	0x0020	0x3EB5	42	참조됨	0x0B3C	02 00 26 01 28 01	카티아	0x0C06	01 00 dd 00	['0x00DD']	cat9/f0x0020/c2-0x0C06	A	・ターゲット、\n攻撃範囲内で捕捉したわ！‖7c‖！甲児の次は\nこっちよ！‖78‖	・타겟，　공격\n범위　안에서　포착했어！‖7c‖！코우지　다음은\n이쪽이야！‖78‖
364	9	36	0x0A38	0x0020	0x3EDF	42	참조됨	0x0B42	02 00 26 01 29 01	테니아	0x0C06	01 00 dd 00	['0x00DD']	cat9/f0x0020/c2-0x0C06	A	・ターゲット、\n攻撃範囲内で捕捉したよ！‖7c‖！甲児の次は\nこっちよ！‖78‖	・타겟，　공격\n범위　안에서　포착했어！‖7c‖！코우지　다음은\n이쪽이야！‖78‖
364	9	37	0x0A40	0x0020	0x3F09	43	참조됨	0x0B48	02 00 26 01 2a 01	멜루아	0x0C06	01 00 dd 00	['0x00DD']	cat9/f0x0020/c2-0x0C06	A	・ターゲット、\n攻撃範囲内で捕捉しました！‖7c‖！甲児の次は\nこっちよ！‖78‖	・타겟，　공격\n범위　안에서　포착했어요！‖7c‖！코우지　다음은\n이쪽이야！‖78‖
364	9	38	0x0A48	0x0020	0x3F34	34	참조됨	0x0B3C	02 00 26 01 28 01	카티아	0x0C0A	01 00 de 00	['0x00DE']	cat9/f0x0020/c2-0x0C0A	A	！援護するわよ、剣鉄也！‖7c‖・この距離なら、やれるわ！‖78‖	！원호할게，\n츠루기　테츠야！‖7c‖・이　거리라면，\n할　수　있어！‖78‖
364	9	39	0x0A50	0x0020	0x3F56	32	참조됨	0x0B42	02 00 26 01 29 01	테니아	0x0C0A	01 00 de 00	['0x00DE']	cat9/f0x0020/c2-0x0C0A	A	！援護するわよ、剣鉄也！‖7c‖・この距離、もらった！‖78‖	！원호할게，\n츠루기　테츠야！‖7c‖・이　거리，\n잡았다！‖78‖
364	9	40	0x0A58	0x0020	0x3F76	34	참조됨	0x0B48	02 00 26 01 2a 01	멜루아	0x0C0A	01 00 de 00	['0x00DE']	cat9/f0x0020/c2-0x0C0A	A	！援護するわよ、剣鉄也！‖7c‖・この距離なら、やれます！‖78‖	！원호할게，\n츠루기　테츠야！‖7c‖・이　거리라면，\n할　수　있어요！‖78‖
364	9	41	0x0A60	0x0020	0x3F98	39	참조됨	0x0B3C	02 00 26 01 28 01	카티아	0x0C0E	01 00 14 01	['0x0114']	cat9/f0x0020/c2-0x0C0E	A	・マサトさん、\n後は私達に任せて！‖7c‖！悪いわね、獲物はもらった！‖78‖	・마사토　씨，\n나머진　우리에게　맡겨！‖7c‖！미안하네，\n사냥감은　받았다！‖78‖
364	9	42	0x0A68	0x0020	0x3FBF	40	참조됨	0x0B42	02 00 26 01 29 01	테니아	0x0C0E	01 00 14 01	['0x0114']	cat9/f0x0020/c2-0x0C0E	A	・マサト、\n後はアタシ達に任せてよ！‖7c‖！悪いわね、獲物はもらった！‖78‖	・마사토，\n나머진　우리에게　맡겨！‖7c‖！미안하네，\n사냥감은　받았다！‖78‖
364	9	43	0x0A70	0x0020	0x3FE7	43	참조됨	0x0B48	02 00 26 01 2a 01	멜루아	0x0C0E	01 00 14 01	['0x0114']	cat9/f0x0020/c2-0x0C0E	A	・マサトさん、\n後は私達に任せてください！‖7c‖！悪いわね、獲物はもらった！‖78‖	・마사토　씨，\n나머진　우리에게\n맡겨주세요！‖7c‖！미안하네，\n사냥감은　받았다！‖78‖
364	9	44	0x0A78	0x0040	0x4012	34	참조됨	0x0B3C	02 00 26 01 28 01	카티아	0x0C12	01 00 02 01	['0x0102']	cat9/f0x0040/c2-0x0C12	A	！カティア！\nコン・バトラーの動きに合わせて！‖7c‖・了解！‖78‖	！카티아！\n컴・배틀러의　움직임에\n맞춰！‖7c‖・알겠습니다！‖78‖
364	9	45	0x0A80	0x0040	0x4034	34	참조됨	0x0B42	02 00 26 01 29 01	테니아	0x0C12	01 00 02 01	['0x0102']	cat9/f0x0040/c2-0x0C12	A	！テニア！\nコン・バトラーの動きに合わせて！‖7c‖・ＯＫ！‖78‖	！테니아！\n컴・배틀러의　움직임에\n맞춰！‖7c‖・ＯＫ！‖78‖
364	9	46	0x0A88	0x0040	0x4056	35	참조됨	0x0B48	02 00 26 01 2a 01	멜루아	0x0C12	01 00 02 01	['0x0102']	cat9/f0x0040/c2-0x0C12	A	！メルア！\nコン・バトラーの動きに合わせて！‖7c‖・了解です！‖78‖	！멜루아！\n컴・배틀러의　움직임에\n맞춰！‖7c‖・알겠습니다！‖78‖
364	9	47	0x0A90	0x0040	0x4079	27	참조됨	0x0B3C	02 00 26 01 28 01	카티아	0x0C16	01 00 03 01	['0x0103']	cat9/f0x0040/c2-0x0C16	A	！ボルテスだけで\n終わりじゃないわよ！‖7c‖・行くわ！‖78‖	！볼테스만으로\n끝이　아니야！‖7c‖・간다！‖78‖
364	9	48	0x0A98	0x0040	0x4094	27	참조됨	0x0B42	02 00 26 01 29 01	테니아	0x0C16	01 00 03 01	['0x0103']	cat9/f0x0040/c2-0x0C16	A	！ボルテスだけで\n終わりじゃないわよ！‖7c‖・行くよ！‖78‖	！볼테스만으로\n끝이　아니야！‖7c‖・간다！‖78‖
364	9	49	0x0AA0	0x0040	0x40AF	28	참조됨	0x0B48	02 00 26 01 2a 01	멜루아	0x0C16	01 00 03 01	['0x0103']	cat9/f0x0040/c2-0x0C16	A	！ボルテスだけで\n終わりじゃないわよ！‖7c‖・行きます！‖78‖	！볼테스만으로\n끝이　아니야！‖7c‖・갑니다！‖78‖
364	9	50	0x0AA8	0x0020	0x40CB	35	참조됨	0x0B3C	02 00 26 01 28 01	카티아	0x0C1A	02 00 34 00 35 00	['0x0034', '0x0035']	cat9/f0x0020/c2-0x0C1A	A	・アスランさんの\n影から攻撃するわ！‖7c‖！敵の死角を突けば！‖78‖	・아스란　씨의\n그림자에서　공격한다！‖7c‖！적의　사각을\n찌르면！‖78‖
364	9	51	0x0AB0	0x0020	0x40EE	33	참조됨	0x0B42	02 00 26 01 29 01	테니아	0x0C1A	02 00 34 00 35 00	['0x0034', '0x0035']	cat9/f0x0020/c2-0x0C1A	A	・アスランの\n影から攻撃するよ！‖7c‖！敵の死角を突けば！‖78‖	・아스란의\n그림자에서　공격한다！‖7c‖！적의　사각을\n찌르면！‖78‖
364	9	52	0x0AB8	0x0020	0x410F	35	참조됨	0x0B48	02 00 26 01 2a 01	멜루아	0x0C1A	02 00 34 00 35 00	['0x0034', '0x0035']	cat9/f0x0020/c2-0x0C1A	A	・アスランさんの\n影から攻撃します！‖7c‖！敵の死角を突けば！‖78‖	・아스란　씨의\n그림자에서　공격합니다！‖7c‖！적의　사각을\n찌르면！‖78‖
364	9	53	0x0AC0	0x0020	0x4132	26	참조됨	0x0B3C	02 00 26 01 28 01	카티아	0x0C20	01 00 6b 00	['0x006B']	cat9/f0x0020/c2-0x0C20	A	・ヒメさんに続くわよ！‖7c‖！カティアまかせたわ！‖78‖	・히메　씨에\n이어서　간다！‖7c‖！카티아\n맡겼어！‖78‖
364	9	54	0x0AC8	0x0020	0x414C	23	참조됨	0x0B42	02 00 26 01 29 01	테니아	0x0C20	01 00 6b 00	['0x006B']	cat9/f0x0020/c2-0x0C20	A	・ヒメに続くよ！‖7c‖！テニアまかせたわ！‖78‖	・히메에　이어서\n간다！‖7c‖！테니아\n맡겼어！‖78‖
364	9	55	0x0AD0	0x0020	0x4163	25	참조됨	0x0B48	02 00 26 01 2a 01	멜루아	0x0C20	01 00 6b 00	['0x006B']	cat9/f0x0020/c2-0x0C20	A	・ヒメさんに続きます！‖7c‖！メルアまかせたわ！‖78‖	・히메　씨에\n이어서　갑니다！‖7c‖！멜루아\n맡겼어！‖78‖
364	9	56	0x0AD8	0x0020	0x417C	38	참조됨	0x0B3C	02 00 26 01 28 01	카티아	0x0C24	01 00 ca 00	['0x00CA']	cat9/f0x0020/c2-0x0C24	A	・[7d]、\n敵がボン太くんに油断している隙に！‖7c‖！今がチャンスね！‖78‖	・[7d]，\n적이　본타군에　방심한\n틈에！‖7c‖！지금이\n기회네！‖78‖
364	9	57	0x0AE0	0x0020	0x41A2	58	참조됨	0x0B3C	02 00 26 01 28 01	카티아	0x0C24	01 00 ca 00	['0x00CA']	cat9/f0x0020/c2-0x0C24	A	・[7d]、\nボン太くんがふもふも言ってて\n可愛いわよ！‖7c‖！カティア！\n今はそれどころじゃないわ、\n行くわよ！‖78‖	・[7d]，\n본타군이　후모후모거려서\n귀여워！‖7c‖！카티아！\n지금은　그럴　때가　아니야，\n간다！‖78‖
364	9	58	0x0AE8	0x0020	0x41DC	45	참조됨	0x0B3C	02 00 26 01 28 01	카티아	0x0C24	01 00 ca 00	['0x00CA']	cat9/f0x0020/c2-0x0C24	A	・ボン太くん、可愛いわ！‖7c‖！カティア・・・\n中身は、あのサガラ軍曹よ・・・‖78‖	・본타군，\n귀여워！‖7c‖！카티아・・・　안에\n탄　건，　그　사가라\n중사야・・・‖78‖
364	9	59	0x0AF0	0x0020	0x4209	53	참조됨	0x0B3C	02 00 26 01 28 01	카티아	0x0C24	01 00 ca 00	['0x00CA']	cat9/f0x0020/c2-0x0C24	A	・敵もボン太くんの\n愛くるしい仕草で隙だらけだわ！‖7c‖！カティア、\nあなたも隙だらけね・・・‖78‖	・적도　본타군의\n사랑스러운　몸짓에\n빈틈투성이야！‖7c‖！카티아，　너도\n빈틈투성이네・・・‖78‖
364	9	60	0x0AF8	0x0020	0x423E	35	참조됨	0x0B42	02 00 26 01 29 01	테니아	0x0C24	01 00 ca 00	['0x00CA']	cat9/f0x0020/c2-0x0C24	A	・[7d]、\n敵がボン太くんに油断してるよ！‖7c‖！今がチャンスね！‖78‖	・[7d]，\n적이　본타군에　방심하고\n있어！‖7c‖！지금이\n기회네！‖78‖
364	9	61	0x0B00	0x0020	0x4261	57	참조됨	0x0B42	02 00 26 01 29 01	테니아	0x0C24	01 00 ca 00	['0x00CA']	cat9/f0x0020/c2-0x0C24	A	・[7d]、\nボン太くんがふもふも言ってて\n可愛いよ！‖7c‖！テニア！\n今はそれどころじゃないわ、\n行くわよ！‖78‖	・[7d]，\n본타군이　후모후모거려서\n귀여워！‖7c‖！테니아！\n지금은　그럴　때가　아니야，\n간다！‖78‖
364	9	62	0x0B08	0x0020	0x429A	45	참조됨	0x0B42	02 00 26 01 29 01	테니아	0x0C24	01 00 ca 00	['0x00CA']	cat9/f0x0020/c2-0x0C24	A	・ボン太くん、可愛いよ！‖7c‖！テニア・・・\n中身は、あのサガラ軍曹よ・・・‖78‖	・본타군，\n귀여워！‖7c‖！테니아・・・　안에\n탄　건，　그　사가라\n중사야・・・‖78‖
364	9	63	0x0B10	0x0020	0x42C7	53	참조됨	0x0B42	02 00 26 01 29 01	테니아	0x0C24	01 00 ca 00	['0x00CA']	cat9/f0x0020/c2-0x0C24	A	・敵もボン太くんの\n愛くるしい仕草で隙だらけだよ！‖7c‖！テニア、\nあなたも隙だらけね・・・‖78‖	・적도　본타군의\n사랑스러운　몸짓에\n빈틈투성이야！‖7c‖！테니아，　너도\n빈틈투성이네・・・‖78‖
364	9	64	0x0B18	0x0020	0x42FC	38	참조됨	0x0B48	02 00 26 01 2a 01	멜루아	0x0C24	01 00 ca 00	['0x00CA']	cat9/f0x0020/c2-0x0C24	A	・[7d]さん、\n敵がボン太くんに油断しています！‖7c‖！今がチャンスね！‖78‖	・[7d]\n씨，　적이　본타군에\n방심하고　있어요！‖7c‖！지금이\n기회네！‖78‖
364	9	65	0x0B20	0x0020	0x4322	59	참조됨	0x0B48	02 00 26 01 2a 01	멜루아	0x0C24	01 00 ca 00	['0x00CA']	cat9/f0x0020/c2-0x0C24	A	・[7d]さん、\nボン太くんがふもふも言ってて\n可愛いです！‖7c‖！メルア！\n今はそれどころじゃないわ、\n行くわよ！‖78‖	・[7d]\n씨，　본타군이\n후모후모거려서　귀여워요！‖7c‖！멜루아！\n지금은　그럴　때가　아니야，\n간다！‖78‖
364	9	66	0x0B28	0x0020	0x435D	45	참조됨	0x0B48	02 00 26 01 2a 01	멜루아	0x0C24	01 00 ca 00	['0x00CA']	cat9/f0x0020/c2-0x0C24	A	・ボン太くん、可愛いです！‖7c‖！メルア・・・\n中身は、あのサガラ軍曹よ・・・‖78‖	・본타군，\n귀여워요！‖7c‖！멜루아・・・　안에\n탄　건，　그　사가라\n중사야・・・‖78‖
364	9	67	0x0B30	0x0020	0x438A	54	참조됨	0x0B48	02 00 26 01 2a 01	멜루아	0x0C24	01 00 ca 00	['0x00CA']	cat9/f0x0020/c2-0x0C24	A	・敵もボン太くんの\n愛くるしい仕草で隙だらけです！‖7c‖！メルア、\nあなたも隙だらけね・・・‖78‖！！	・적도　본타군의\n사랑스러운　몸짓에\n빈틈투성이예요！‖7c‖！멜루아，　너도\n빈틈투성이네・・・‖78‖！！[ff][ff][ff][ff][ff][ff]
